交易 #,类型,信号,日期/时间,价格 USDT,合约,获利 USDT,获利 %,累计获利 USDT,累计获利 %,最大交易获利 USDT,最大交易获利 %,交易亏损 USDT,交易亏损 %
507,多头出场,开盘价,,,,,,,,,,,
507,多头进场,BUY,2023/6/16 2:30,25156.71,,,,,,,,,
506,空头出场,BUY,2023/6/16 2:30,25156.71,1,721.45,2.79,194158.22,0.32,1078.41,4.17,126.69,0.49
506,空头进场,SELL,2023/6/15 2:30,25878.67,1,721.45,2.79,194158.22,0.32,1078.41,4.17,126.69,0.49
505,多头出场,SELL,2023/6/15 2:30,25878.67,1,-131.85,-0.51,193436.78,-0.06,87.74,0.34,256.88,0.99
505,多头进场,BUY,2023/6/14 20:30,26010,1,-131.85,-0.51,193436.78,-0.06,87.74,0.34,256.88,0.99
504,空头出场,BUY,2023/6/14 20:30,26010,1,-6.53,-0.03,193568.62,0,291.16,1.12,52.26,0.2
504,空头进场,SELL,2023/6/13 22:30,26003.99,1,-6.53,-0.03,193568.62,0,291.16,1.12,52.26,0.2
503,多头出场,SELL,2023/6/13 22:30,26003.99,1,177.29,0.69,193575.16,0.08,606.77,2.35,224.33,0.87
503,多头进场,BUY,2023/6/11 8:30,25826.18,1,177.29,0.69,193575.16,0.08,606.77,2.35,224.33,0.87
502,空头出场,BUY,2023/6/11 8:30,25826.18,1,671.11,2.53,193397.86,0.3,1139.55,4.3,36.32,0.14
502,空头进场,SELL,2023/6/10 0:30,26497.81,1,671.11,2.53,193397.86,0.3,1139.55,4.3,36.32,0.14
501,多头出场,SELL,2023/6/10 0:30,26497.81,1,11.57,0.04,192726.75,0.01,324.03,1.22,216.06,0.82
501,多头进场,BUY,2023/6/8 22:30,26485.71,1,11.57,0.04,192726.75,0.01,324.03,1.22,216.06,0.82
500,空头出场,BUY,2023/6/8 22:30,26485.71,1,-169.55,-0.64,192715.19,-0.08,191.42,0.73,259.52,0.99
500,空头进场,SELL,2023/6/8 0:30,26316.69,1,-169.55,-0.64,192715.19,-0.08,191.42,0.73,259.52,0.99
499,多头出场,SELL,2023/6/8 0:30,26316.69,1,765.78,3,192884.73,0.34,1841.12,7.21,164.85,0.65
499,多头进场,BUY,2023/6/6 20:30,25550.39,1,765.78,3,192884.73,0.34,1841.12,7.21,164.85,0.65
498,空头出场,BUY,2023/6/6 20:30,25550.39,1,1696.19,6.23,192118.95,0.77,1895.82,6.96,92.25,0.34
498,空头进场,SELL,2023/6/5 6:30,27247.11,1,1696.19,6.23,192118.95,0.77,1895.82,6.96,92.25,0.34
497,多头出场,SELL,2023/6/5 6:30,27247.11,1,122.76,0.45,190422.77,0.06,330.94,1.22,0.27,0
497,多头进场,BUY,2023/6/4 16:30,27123.81,1,122.76,0.45,190422.77,0.06,330.94,1.22,0.27,0
496,空头出场,BUY,2023/6/4 16:30,27123.81,1,-21.61,-0.08,190300,-0.01,187.54,0.69,61.47,0.23
496,空头进场,SELL,2023/6/4 4:30,27102.74,1,-21.61,-0.08,190300,-0.01,187.54,0.69,61.47,0.23
495,多头出场,SELL,2023/6/4 4:30,27102.74,1,234.98,0.87,190321.61,0.11,465.8,1.73,362.49,1.35
495,多头进场,BUY,2023/6/1 22:30,26867.22,1,234.98,0.87,190321.61,0.11,465.8,1.73,362.49,1.35
494,空头出场,BUY,2023/6/1 22:30,26867.22,1,1030.43,3.69,190086.64,0.47,1292.87,4.63,140.67,0.5
494,空头进场,SELL,2023/5/29 20:30,27898.2,1,1030.43,3.69,190086.64,0.47,1292.87,4.63,140.67,0.5
493,多头出场,SELL,2023/5/29 20:30,27898.2,1,1156.6,4.33,189056.2,0.53,1705.82,6.38,13.26,0.05
493,多头进场,BUY,2023/5/28 4:30,26741.05,1,1156.6,4.33,189056.2,0.53,1705.82,6.38,13.26,0.05
492,空头出场,BUY,2023/5/28 4:30,26741.05,1,-13.54,-0.05,187899.6,-0.01,176.77,0.66,118.23,0.44
492,空头进场,SELL,2023/5/27 20:30,26728.04,1,-13.54,-0.05,187899.6,-0.01,176.77,0.66,118.23,0.44
491,多头出场,SELL,2023/5/27 20:30,26728.04,1,315.52,1.19,187913.14,0.15,519.91,1.97,243.65,0.92
491,多头进场,BUY,2023/5/25 20:30,26411.99,1,315.52,1.19,187913.14,0.15,519.91,1.97,243.65,0.92
490,空头出场,BUY,2023/5/25 20:30,26411.99,1,785.01,2.89,187597.62,0.36,1325.38,4.87,52.11,0.19
490,空头进场,SELL,2023/5/24 6:30,27197.54,1,785.01,2.89,187597.62,0.36,1325.38,4.87,52.11,0.19
489,多头出场,SELL,2023/5/24 6:30,27197.54,1,370.98,1.38,186812.61,0.17,669.54,2.5,123.38,0.46
489,多头进场,BUY,2023/5/22 20:30,26826.02,1,370.98,1.38,186812.61,0.17,669.54,2.5,123.38,0.46
488,空头出场,BUY,2023/5/22 20:30,26826.02,1,231.39,0.86,186441.62,0.11,519.47,1.92,4.46,0.02
488,空头进场,SELL,2023/5/21 18:30,27057.95,1,231.39,0.86,186441.62,0.11,519.47,1.92,4.46,0.02
487,多头出场,SELL,2023/5/21 18:30,27057.95,1,161.97,0.6,186210.23,0.07,381.84,1.42,114.98,0.43
487,多头进场,BUY,2023/5/20 0:30,26895.44,1,161.97,0.6,186210.23,0.07,381.84,1.42,114.98,0.43
486,空头出场,BUY,2023/5/20 0:30,26895.44,1,413.01,1.51,186048.27,0.19,947.52,3.47,95.79,0.35
486,空头进场,SELL,2023/5/18 22:30,27308.99,1,413.01,1.51,186048.27,0.19,947.52,3.47,95.79,0.35
485,多头出场,SELL,2023/5/18 22:30,27308.99,1,163.58,0.6,185635.27,0.08,354.86,1.31,54.43,0.2
485,多头进场,BUY,2023/5/18 2:30,27144.87,1,163.58,0.6,185635.27,0.08,354.86,1.31,54.43,0.2
484,空头出场,BUY,2023/5/18 2:30,27144.87,1,222.57,0.81,185471.69,0.1,823.01,3.01,0.28,0
484,空头进场,SELL,2023/5/16 6:30,27367.99,1,222.57,0.81,185471.69,0.1,823.01,3.01,0.28,0
483,多头出场,SELL,2023/5/16 6:30,27367.99,1,963.46,3.65,185249.11,0.45,1259.34,4.77,28.91,0.11
483,多头进场,BUY,2023/5/13 4:30,26403.99,1,963.46,3.65,185249.11,0.45,1259.34,4.77,28.91,0.11
482,空头出场,BUY,2023/5/13 4:30,26403.99,1,1141.28,4.14,184285.66,0.54,1734.07,6.3,84.61,0.31
482,空头进场,SELL,2023/5/11 10:30,27545.81,1,1141.28,4.14,184285.66,0.54,1734.07,6.3,84.61,0.31
481,多头出场,SELL,2023/5/11 10:30,27545.81,1,60.64,0.22,183144.38,0.03,846.53,3.08,707.89,2.58
481,多头进场,BUY,2023/5/9 14:30,27484.62,1,60.64,0.22,183144.38,0.03,846.53,3.08,707.89,2.58
480,空头出场,BUY,2023/5/9 14:30,27484.62,1,1318.77,4.58,183083.73,0.62,1541.66,5.35,7.53,0.03
480,空头进场,SELL,2023/5/8 6:30,28803.95,1,1318.77,4.58,183083.73,0.62,1541.66,5.35,7.53,0.03
479,多头出场,SELL,2023/5/8 6:30,28803.95,1,-128.07,-0.44,181764.97,-0.06,164.15,0.57,215.73,0.75
479,多头进场,BUY,2023/5/7 22:30,28931.44,1,-128.07,-0.44,181764.97,-0.06,164.15,0.57,215.73,0.75
478,空头出场,BUY,2023/5/7 22:30,28931.44,1,440.89,1.5,181893.03,0.21,1072.62,3.65,64.39,0.22
478,空头进场,SELL,2023/5/6 12:30,29372.91,1,440.89,1.5,181893.03,0.21,1072.62,3.65,64.39,0.22
477,多头出场,SELL,2023/5/6 12:30,29372.91,1,208.73,0.72,181452.14,0.1,656.12,2.25,4.63,0.02
477,多头进场,BUY,2023/5/5 22:30,29163.59,1,208.73,0.72,181452.14,0.1,656.12,2.25,4.63,0.02
476,空头出场,BUY,2023/5/5 22:30,29163.59,1,-50.45,-0.17,181243.4,-0.02,313.43,1.08,160.8,0.55
476,空头进场,SELL,2023/5/5 16:30,29113.72,1,-50.45,-0.17,181243.4,-0.02,313.43,1.08,160.8,0.55
475,多头出场,SELL,2023/5/5 16:30,29113.72,1,227.21,0.79,181293.86,0.11,644.78,2.23,6.19,0.02
475,多头进场,BUY,2023/5/5 8:30,28885.93,1,227.21,0.79,181293.86,0.11,644.78,2.23,6.19,0.02
474,空头出场,BUY,2023/5/5 8:30,28885.93,1,-26.51,-0.09,181066.66,-0.01,186.12,0.64,113.21,0.39
474,空头进场,SELL,2023/5/4 22:30,28860,1,-26.51,-0.09,181066.66,-0.01,186.12,0.64,113.21,0.39
473,多头出场,SELL,2023/5/4 22:30,28860,1,446.33,1.57,181093.16,0.21,966.45,3.4,128.19,0.45
473,多头进场,BUY,2023/5/4 4:30,28413.1,1,446.33,1.57,181093.16,0.21,966.45,3.4,128.19,0.45
472,空头出场,BUY,2023/5/4 4:30,28413.1,1,104.26,0.37,180646.83,0.05,306.56,1.07,93.46,0.33
472,空头进场,SELL,2023/5/4 2:30,28517.93,1,104.26,0.37,180646.83,0.05,306.56,1.07,93.46,0.33
471,多头出场,SELL,2023/5/4 2:30,28517.93,1,537.25,1.92,180542.58,0.26,899.48,3.21,70.4,0.25
471,多头进场,BUY,2023/5/2 18:30,27980.12,1,537.25,1.92,180542.58,0.26,899.48,3.21,70.4,0.25
470,空头出场,BUY,2023/5/2 18:30,27980.12,1,1321.06,4.51,180005.33,0.63,1634.51,5.58,35.88,0.12
470,空头进场,SELL,2023/5/1 8:30,29301.75,1,1321.06,4.51,180005.33,0.63,1634.51,5.58,35.88,0.12
469,多头出场,SELL,2023/5/1 8:30,29301.75,1,29.19,0.1,178684.27,0.01,697.13,2.38,111.3,0.38
469,多头进场,BUY,2023/4/30 22:30,29271.97,1,29.19,0.1,178684.27,0.01,697.13,2.38,111.3,0.38
468,空头出场,BUY,2023/4/30 22:30,29271.97,1,197.79,0.67,178655.08,0.09,579.06,1.96,96.86,0.33
468,空头进场,SELL,2023/4/28 12:30,29470.35,1,197.79,0.67,178655.08,0.09,579.06,1.96,96.86,0.33
467,多头出场,SELL,2023/4/28 12:30,29470.35,1,-159.49,-0.54,178457.28,-0.08,260.45,0.88,374.02,1.26
467,多头进场,BUY,2023/4/28 2:30,29629.25,1,-159.49,-0.54,178457.28,-0.08,260.45,0.88,374.02,1.26
466,空头出场,BUY,2023/4/28 2:30,29629.25,1,-2079.45,-7.55,178616.77,-0.99,7.13,0.03,2190.47,7.95
466,空头进场,SELL,2023/4/27 4:30,27550.37,1,-2079.45,-7.55,178616.77,-0.99,7.13,0.03,2190.47,7.95
465,多头出场,SELL,2023/4/27 4:30,27550.37,1,251.77,0.92,180696.22,0.12,2737.68,10.03,99.15,0.36
465,多头进场,BUY,2023/4/25 22:30,27298.05,1,251.77,0.92,180696.22,0.12,2737.68,10.03,99.15,0.36
464,空头出场,BUY,2023/4/25 22:30,27298.05,1,312.09,1.13,180444.45,0.15,667.59,2.42,15.24,0.06
464,空头进场,SELL,2023/4/24 22:30,27610.69,1,312.09,1.13,180444.45,0.15,667.59,2.42,15.24,0.06
463,多头出场,SELL,2023/4/24 22:30,27610.69,1,255.2,0.93,180132.36,0.12,365.36,1.34,12.92,0.05
463,多头进场,BUY,2023/4/24 18:30,27354.94,1,255.2,0.93,180132.36,0.12,365.36,1.34,12.92,0.05
462,空头出场,BUY,2023/4/24 18:30,27354.94,1,37.83,0.14,179877.16,0.02,235.91,0.86,25.73,0.09
462,空头进场,SELL,2023/4/24 16:30,27393.32,1,37.83,0.14,179877.16,0.02,235.91,0.86,25.73,0.09
461,多头出场,SELL,2023/4/24 16:30,27393.32,1,152.77,0.56,179839.33,0.07,759.73,2.79,56.03,0.21
461,多头进场,BUY,2023/4/22 16:30,27240,1,152.77,0.56,179839.33,0.07,759.73,2.79,56.03,0.21
460,空头出场,BUY,2023/4/22 16:30,27240,1,695.78,2.49,179686.56,0.33,811.05,2.9,3.51,0.01
460,空头进场,SELL,2023/4/22 2:30,27936.33,1,695.78,2.49,179686.56,0.33,811.05,2.9,3.51,0.01
459,多头出场,SELL,2023/4/22 2:30,27936.33,1,-189.37,-0.67,178990.78,-0.09,183.03,0.65,348.41,1.24
459,多头进场,BUY,2023/4/21 16:30,28125.14,1,-189.37,-0.67,178990.78,-0.09,183.03,0.65,348.41,1.24
458,空头出场,BUY,2023/4/21 16:30,28125.14,1,1158.14,3.95,179180.16,0.56,1467.67,5.01,216.44,0.74
458,空头进场,SELL,2023/4/19 16:30,29283.85,1,1158.14,3.95,179180.16,0.56,1467.67,5.01,216.44,0.74
457,多头出场,SELL,2023/4/19 16:30,29283.85,1,-422.2,-1.42,178022.02,-0.2,779.24,2.62,705.76,2.38
457,多头进场,BUY,2023/4/18 14:30,29705.46,1,-422.2,-1.42,178022.02,-0.2,779.24,2.62,705.76,2.38
456,空头出场,BUY,2023/4/18 14:30,29705.46,1,349.64,1.16,178444.22,0.17,958.62,3.19,61.6,0.2
456,空头进场,SELL,2023/4/17 8:30,30055.7,1,349.64,1.16,178444.22,0.17,958.62,3.19,61.6,0.2
455,多头出场,SELL,2023/4/17 8:30,30055.7,1,-226.79,-0.75,178094.56,-0.11,267.8,0.88,249.19,0.82
455,多头进场,BUY,2023/4/17 0:30,30281.89,1,-226.79,-0.75,178094.56,-0.11,267.8,0.88,249.19,0.82
454,空头出场,BUY,2023/4/17 0:30,30281.89,1,320.4,1.05,178321.36,0.15,636.59,2.08,35.41,0.12
454,空头进场,SELL,2023/4/14 22:30,30602.9,1,320.4,1.05,178321.36,0.15,636.59,2.08,35.41,0.12
453,多头出场,SELL,2023/4/14 22:30,30602.9,1,301.49,0.99,178000.97,0.15,698.9,2.31,96.1,0.32
453,多头进场,BUY,2023/4/13 22:30,30300.8,1,301.49,0.99,178000.97,0.15,698.9,2.31,96.1,0.32
452,空头出场,BUY,2023/4/13 22:30,30300.8,1,-226.35,-0.75,177699.47,-0.11,437.35,1.45,411.25,1.37
452,空头进场,SELL,2023/4/12 4:30,30075.05,1,-226.35,-0.75,177699.47,-0.11,437.35,1.45,411.25,1.37
451,多头出场,SELL,2023/4/12 4:30,30075.05,1,2149.22,7.7,177925.83,1.04,2624.47,9.4,6.75,0.02
451,多头进场,BUY,2023/4/10 2:30,27925.25,1,2149.22,7.7,177925.83,1.04,2624.47,9.4,6.75,0.02
450,空头出场,BUY,2023/4/10 2:30,27925.25,1,22.91,0.08,175776.61,0.01,148.44,0.53,24.95,0.09
450,空头进场,SELL,2023/4/9 14:30,27948.72,1,22.91,0.08,175776.61,0.01,148.44,0.53,24.95,0.09
449,多头出场,SELL,2023/4/9 14:30,27948.72,1,-61.9,-0.22,175753.69,-0.03,73.11,0.26,98.34,0.35
449,多头进场,BUY,2023/4/9 8:30,28010.06,1,-61.9,-0.22,175753.69,-0.03,73.11,0.26,98.34,0.35
448,空头出场,BUY,2023/4/9 8:30,28010.06,1,-56.64,-0.2,175815.6,-0.03,67.84,0.24,61.59,0.22
448,空头进场,SELL,2023/4/9 4:30,27953.98,1,-56.64,-0.2,175815.6,-0.03,67.84,0.24,61.59,0.22
447,多头出场,SELL,2023/4/9 4:30,27953.98,1,44.98,0.16,175872.23,0.02,246.27,0.88,69.7,0.25
447,多头进场,BUY,2023/4/8 0:30,27908.44,1,44.98,0.16,175872.23,0.02,246.27,0.88,69.7,0.25
446,空头出场,BUY,2023/4/8 0:30,27908.44,1,38.39,0.14,175827.25,0.02,180.17,0.64,37.64,0.13
446,空头进场,SELL,2023/4/7 14:30,27947.39,1,38.39,0.14,175827.25,0.02,180.17,0.64,37.64,0.13
445,多头出场,SELL,2023/4/7 14:30,27947.39,1,-78.28,-0.28,175788.86,-0.04,74.61,0.27,162.16,0.58
445,多头进场,BUY,2023/4/7 8:30,28025.11,1,-78.28,-0.28,175788.86,-0.04,74.61,0.27,162.16,0.58
444,空头出场,BUY,2023/4/7 8:30,28025.11,1,151.61,0.54,175867.14,0.07,466,1.65,131.04,0.47
444,空头进场,SELL,2023/4/5 22:30,28177.28,1,151.61,0.54,175867.14,0.07,466,1.65,131.04,0.47
443,多头出场,SELL,2023/4/5 22:30,28177.28,1,273.66,0.98,175715.53,0.13,871.66,3.12,26.87,0.1
443,多头进场,BUY,2023/4/4 14:30,27903.06,1,273.66,0.98,175715.53,0.13,871.66,3.12,26.87,0.1
442,空头出场,BUY,2023/4/4 14:30,27903.06,1,-145.82,-0.53,175441.88,-0.07,557.28,2.01,242.48,0.87
442,空头进场,SELL,2023/4/4 4:30,27757.8,1,-145.82,-0.53,175441.88,-0.07,557.28,2.01,242.48,0.87
441,多头出场,SELL,2023/4/4 4:30,27757.8,1,-652.17,-2.3,175587.69,-0.32,91.3,0.32,783.17,2.76
441,多头进场,BUY,2023/4/3 18:30,28409.41,1,-652.17,-2.3,175587.69,-0.32,91.3,0.32,783.17,2.76
440,空头出场,BUY,2023/4/3 18:30,28409.41,1,17.93,0.06,176239.86,0.01,867.63,3.05,149.37,0.53
440,空头进场,SELL,2023/4/1 18:30,28427.91,1,17.93,0.06,176239.86,0.01,867.63,3.05,149.37,0.53
439,多头出场,SELL,2023/4/1 18:30,28427.91,1,19.5,0.07,176221.92,0.01,411.59,1.45,145.25,0.51
439,多头进场,BUY,2023/3/31 22:30,28407.84,1,19.5,0.07,176221.92,0.01,411.59,1.45,145.25,0.51
438,空头出场,BUY,2023/3/31 22:30,28407.84,1,199.01,0.7,176202.42,0.1,1095.42,3.83,84.32,0.29
438,空头进场,SELL,2023/3/30 20:30,28607.42,1,199.01,0.7,176202.42,0.1,1095.42,3.83,84.32,0.29
437,多头出场,SELL,2023/3/30 20:30,28607.42,1,1704.46,6.34,176003.42,0.83,2282,8.48,40.86,0.15
437,多头进场,BUY,2023/3/29 2:30,26902.41,1,1704.46,6.34,176003.42,0.83,2282,8.48,40.86,0.15
436,空头出场,BUY,2023/3/29 2:30,26902.41,1,923.69,3.32,174298.97,0.45,1318.23,4.74,23.63,0.08
436,空头进场,SELL,2023/3/27 20:30,27826.65,1,923.69,3.32,174298.97,0.45,1318.23,4.74,23.63,0.08
435,多头出场,SELL,2023/3/27 20:30,27826.65,1,387.26,1.41,173375.27,0.19,755.29,2.75,3.54,0.01
435,多头进场,BUY,2023/3/26 8:30,27438.84,1,387.26,1.41,173375.27,0.19,755.29,2.75,3.54,0.01
434,空头出场,BUY,2023/3/26 8:30,27438.84,1,656.42,2.34,172988.02,0.32,1095.54,3.9,124.46,0.44
434,空头进场,SELL,2023/3/24 22:30,28095.82,1,656.42,2.34,172988.02,0.32,1095.54,3.9,124.46,0.44
433,多头出场,SELL,2023/3/24 22:30,28095.82,1,737.22,2.69,172331.6,0.37,1391.68,5.09,32.48,0.12
433,多头进场,BUY,2023/3/23 22:30,27358.05,1,737.22,2.69,172331.6,0.37,1391.68,5.09,32.48,0.12
432,空头出场,BUY,2023/3/23 22:30,27358.05,1,1111.39,3.9,171594.38,0.55,1867.92,6.56,117.28,0.41
432,空头进场,SELL,2023/3/23 2:30,28470,1,1111.39,3.9,171594.38,0.55,1867.92,6.56,117.28,0.41
431,多头出场,SELL,2023/3/23 2:30,28470,1,72.87,0.26,170482.98,0.04,471.21,1.66,166.84,0.59
431,多头进场,BUY,2023/3/22 22:30,28396.56,1,72.87,0.26,170482.98,0.04,471.21,1.66,166.84,0.59
430,空头出场,BUY,2023/3/22 22:30,28396.56,1,-228.35,-0.81,170410.11,-0.11,168.5,0.6,251.5,0.89
430,空头进场,SELL,2023/3/22 14:30,28168.78,1,-228.35,-0.81,170410.11,-0.11,168.5,0.6,251.5,0.89
429,多头出场,SELL,2023/3/22 14:30,28168.78,1,68.89,0.25,170638.45,0.03,188.39,0.67,78.61,0.28
429,多头进场,BUY,2023/3/22 10:30,28099.33,1,68.89,0.25,170638.45,0.03,188.39,0.67,78.61,0.28
428,空头出场,BUY,2023/3/22 10:30,28099.33,1,38.47,0.14,170569.56,0.02,238.08,0.85,76.91,0.27
428,空头进场,SELL,2023/3/22 4:30,28138.36,1,38.47,0.14,170569.56,0.02,238.08,0.85,76.91,0.27
427,多头出场,SELL,2023/3/22 4:30,28138.36,1,10.08,0.04,170531.1,0.01,98.33,0.35,126.99,0.45
427,多头进场,BUY,2023/3/22 2:30,28127.72,1,10.08,0.04,170531.1,0.01,98.33,0.35,126.99,0.45
426,空头出场,BUY,2023/3/22 2:30,28127.72,1,54.95,0.19,170521.02,0.03,879.85,3.12,255.6,0.91
426,空头进场,SELL,2023/3/20 20:30,28183.23,1,54.95,0.19,170521.02,0.03,879.85,3.12,255.6,0.91
425,多头出场,SELL,2023/3/20 20:30,28183.23,1,-14.87,-0.05,170466.08,-0.01,274.18,0.97,278.16,0.99
425,多头进场,BUY,2023/3/20 16:30,28197.54,1,-14.87,-0.05,170466.08,-0.01,274.18,0.97,278.16,0.99
424,空头出场,BUY,2023/3/20 16:30,28197.54,1,-562.02,-2.03,170480.95,-0.28,511.33,1.85,706.2,2.56
424,空头进场,SELL,2023/3/20 10:30,27636.08,1,-562.02,-2.03,170480.95,-0.28,511.33,1.85,706.2,2.56
423,多头出场,SELL,2023/3/20 10:30,27636.08,1,-346.1,-1.24,171042.97,-0.17,408.2,1.46,481.9,1.72
423,多头进场,BUY,2023/3/20 2:30,27981.62,1,-346.1,-1.24,171042.97,-0.17,408.2,1.46,481.9,1.72
422,空头出场,BUY,2023/3/20 2:30,27981.62,1,-553.83,-2.02,171389.06,-0.27,850.07,3.1,758.8,2.77
422,空头进场,SELL,2023/3/18 20:30,27428.34,1,-553.83,-2.02,171389.06,-0.27,850.07,3.1,758.8,2.77
421,多头出场,SELL,2023/3/18 20:30,27428.34,1,2707.84,10.95,171942.9,1.36,3036.61,12.28,96.71,0.39
421,多头进场,BUY,2023/3/17 2:30,24719.98,1,2707.84,10.95,171942.9,1.36,3036.61,12.28,96.71,0.39
420,空头出场,BUY,2023/3/17 2:30,24719.98,1,164.25,0.66,169235.06,0.08,987.53,3.97,312.49,1.26
420,空头进场,SELL,2023/3/15 4:30,24884.73,1,164.25,0.66,169235.06,0.08,987.53,3.97,312.49,1.26
419,多头出场,SELL,2023/3/15 4:30,24884.73,1,4977.49,25,169070.81,2.56,6479.88,32.55,141.96,0.71
419,多头进场,BUY,2023/3/11 2:30,19906.79,1,4977.49,25,169070.81,2.56,6479.88,32.55,141.96,0.71
418,空头出场,BUY,2023/3/11 2:30,19906.79,1,2504.89,11.18,164093.31,1.31,2862.79,12.77,78,0.35
418,空头进场,SELL,2023/3/7 16:30,22412.1,1,2504.89,11.18,164093.31,1.31,2862.79,12.77,78,0.35
417,多头出场,SELL,2023/3/7 16:30,22412.1,1,38.73,0.17,161588.42,0.02,288.95,1.29,216.06,0.97
417,多头进场,BUY,2023/3/4 8:30,22372.92,1,38.73,0.17,161588.42,0.02,288.95,1.29,216.06,0.97
416,空头出场,BUY,2023/3/4 8:30,22372.92,1,1041.62,4.45,161549.69,0.55,1443.64,6.17,382.16,1.63
416,空头进场,SELL,2023/3/2 4:30,23415,1,1041.62,4.45,161549.69,0.55,1443.64,6.17,382.16,1.63
415,多头出场,SELL,2023/3/2 4:30,23415,1,-53.52,-0.23,160508.08,-0.03,531.72,2.27,168.28,0.72
415,多头进场,BUY,2023/3/1 12:30,23468.05,1,-53.52,-0.23,160508.08,-0.03,531.72,2.27,168.28,0.72
414,空头出场,BUY,2023/3/1 12:30,23468.05,1,14.61,0.06,160561.6,0.01,462.87,1.97,16.58,0.07
414,空头进场,SELL,2023/3/1 2:30,23483.13,1,14.61,0.06,160561.6,0.01,462.87,1.97,16.58,0.07
413,多头出场,SELL,2023/3/1 2:30,23483.13,1,-4.87,-0.02,160546.98,0,70.58,0.3,61.29,0.26
413,多头进场,BUY,2023/3/1 0:30,23487.53,1,-4.87,-0.02,160546.98,0,70.58,0.3,61.29,0.26
412,空头出场,BUY,2023/3/1 0:30,23487.53,1,-284.12,-1.22,160551.84,-0.15,96.88,0.42,396.35,1.71
412,空头进场,SELL,2023/2/28 2:30,23203.88,1,-284.12,-1.22,160551.84,-0.15,96.88,0.42,396.35,1.71
411,多头出场,SELL,2023/2/28 2:30,23203.88,1,158.4,0.69,160835.97,0.08,852.74,3.7,323.25,1.4
411,多头进场,BUY,2023/2/26 0:30,23045.02,1,158.4,0.69,160835.97,0.08,852.74,3.7,323.25,1.4
410,空头出场,BUY,2023/2/26 0:30,23045.02,1,856.43,3.58,160677.58,0.45,1060.49,4.44,103.32,0.43
410,空头进场,SELL,2023/2/24 20:30,23901.92,1,856.43,3.58,160677.58,0.45,1060.49,4.44,103.32,0.43
409,多头出场,SELL,2023/2/24 20:30,23901.92,1,55.36,0.23,159821.14,0.03,181.12,0.76,13.33,0.06
409,多头进场,BUY,2023/2/24 18:30,23846.08,1,55.36,0.23,159821.14,0.03,181.12,0.76,13.33,0.06
408,空头出场,BUY,2023/2/24 18:30,23846.08,1,4.12,0.02,159765.78,0,72.44,0.3,123.35,0.52
408,空头进场,SELL,2023/2/24 16:30,23850.68,1,4.12,0.02,159765.78,0,72.44,0.3,123.35,0.52
407,多头出场,SELL,2023/2/24 16:30,23850.68,1,-94.25,-0.39,159761.66,-0.05,187.66,0.78,190.66,0.8
407,多头进场,BUY,2023/2/24 8:30,23944.45,1,-94.25,-0.39,159761.66,-0.05,187.66,0.78,190.66,0.8
406,空头出场,BUY,2023/2/24 8:30,23944.45,1,-24.74,-0.1,159855.9,-0.01,194.85,0.81,149.92,0.63
406,空头进场,SELL,2023/2/24 0:30,23920.19,1,-24.74,-0.1,159855.9,-0.01,194.85,0.81,149.92,0.63
405,多头出场,SELL,2023/2/24 0:30,23920.19,1,-265.19,-1.1,159880.64,-0.14,414.45,1.71,577.14,2.39
405,多头进场,BUY,2023/2/23 8:30,24184.9,1,-265.19,-1.1,159880.64,-0.14,414.45,1.71,577.14,2.39
404,空头出场,BUY,2023/2/23 8:30,24184.9,1,580.82,2.35,160145.83,0.31,1191.27,4.81,24.04,0.1
404,空头进场,SELL,2023/2/21 18:30,24766.21,1,580.82,2.35,160145.83,0.31,1191.27,4.81,24.04,0.1
403,多头出场,SELL,2023/2/21 18:30,24766.21,1,293.92,1.2,159565.02,0.16,777.96,3.18,98.71,0.4
403,多头进场,BUY,2023/2/20 16:30,24471.8,1,293.92,1.2,159565.02,0.16,777.96,3.18,98.71,0.4
402,空头出场,BUY,2023/2/20 16:30,24471.8,1,65.06,0.27,159271.1,0.03,696.27,2.84,654.9,2.67
402,空头进场,SELL,2023/2/18 18:30,24537.35,1,65.06,0.27,159271.1,0.03,696.27,2.84,654.9,2.67
401,多头出场,SELL,2023/2/18 18:30,24537.35,1,164.53,0.68,159206.03,0.09,414.93,1.7,3.62,0.01
401,多头进场,BUY,2023/2/18 6:30,24372.33,1,164.53,0.68,159206.03,0.09,414.93,1.7,3.62,0.01
400,空头出场,BUY,2023/2/18 6:30,24372.33,1,99.31,0.41,159041.5,0.05,1132.52,4.63,549.22,2.24
400,空头进场,SELL,2023/2/17 4:30,24472.13,1,99.31,0.41,159041.5,0.05,1132.52,4.63,549.22,2.24
399,多头出场,SELL,2023/2/17 4:30,24472.13,1,2715.53,12.48,158942.19,1.46,3493.64,16.06,223.59,1.03
399,多头进场,BUY,2023/2/14 8:30,21756.14,1,2715.53,12.48,158942.19,1.46,3493.64,16.06,223.59,1.03
398,空头出场,BUY,2023/2/14 8:30,21756.14,1,21.5,0.1,156226.66,0.01,426.79,1.96,67.93,0.31
398,空头进场,SELL,2023/2/13 16:30,21778.08,1,21.5,0.1,156226.66,0.01,426.79,1.96,67.93,0.31
397,多头出场,SELL,2023/2/13 16:30,21778.08,1,-58.28,-0.27,156205.16,-0.03,58.85,0.27,73.14,0.33
397,多头进场,BUY,2023/2/13 12:30,21835.92,1,-58.28,-0.27,156205.16,-0.03,58.85,0.27,73.14,0.33
396,空头出场,BUY,2023/2/13 12:30,21835.92,1,-95.77,-0.44,156263.44,-0.05,117.9,0.54,136.06,0.63
396,空头进场,SELL,2023/2/13 8:30,21740.59,1,-95.77,-0.44,156263.44,-0.05,117.9,0.54,136.06,0.63
395,多头出场,SELL,2023/2/13 8:30,21740.59,1,28.37,0.13,156359.2,0.02,377.99,1.74,261.01,1.2
395,多头进场,BUY,2023/2/11 2:30,21711.79,1,28.37,0.13,156359.2,0.02,377.99,1.74,261.01,1.2
394,空头出场,BUY,2023/2/11 2:30,21711.79,1,1351.2,5.86,156330.83,0.73,1543.21,6.69,69.15,0.3
394,空头进场,SELL,2023/2/8 22:30,23063.44,1,1351.2,5.86,156330.83,0.73,1543.21,6.69,69.15,0.3
393,多头出场,SELL,2023/2/8 22:30,23063.44,1,240.97,1.06,154979.64,0.13,629.76,2.76,184.24,0.81
393,多头进场,BUY,2023/2/6 22:30,22822.01,1,240.97,1.06,154979.64,0.13,629.76,2.76,184.24,0.81
392,空头出场,BUY,2023/2/6 22:30,22822.01,1,536.83,2.3,154738.66,0.29,730.94,3.13,7.93,0.03
392,空头进场,SELL,2023/2/5 20:30,23359.3,1,536.83,2.3,154738.66,0.29,730.94,3.13,7.93,0.03
391,多头出场,SELL,2023/2/5 20:30,23359.3,1,5.83,0.02,154201.83,0,80.1,0.34,21.78,0.09
391,多头进场,BUY,2023/2/5 14:30,23353,1,5.83,0.02,154201.83,0,80.1,0.34,21.78,0.09
390,空头出场,BUY,2023/2/5 14:30,23353,1,-39.42,-0.17,154196,-0.02,83.82,0.36,76.18,0.33
390,空头进场,SELL,2023/2/5 8:30,23314.05,1,-39.42,-0.17,154196,-0.02,83.82,0.36,76.18,0.33
389,多头出场,SELL,2023/2/5 8:30,23314.05,1,-134.56,-0.57,154235.42,-0.07,25.1,0.11,188.75,0.8
389,多头进场,BUY,2023/2/4 22:30,23448.14,1,-134.56,-0.57,154235.42,-0.07,25.1,0.11,188.75,0.8
388,空头出场,BUY,2023/2/4 22:30,23448.14,1,331.08,1.39,154369.97,0.18,574.83,2.42,145.36,0.61
388,空头进场,SELL,2023/2/3 4:30,23779.69,1,331.08,1.39,154369.97,0.18,574.83,2.42,145.36,0.61
387,多头出场,SELL,2023/2/3 4:30,23779.69,1,875.11,3.82,154038.89,0.48,1350.66,5.9,144.11,0.63
387,多头进场,BUY,2023/1/31 20:30,22904.11,1,875.11,3.82,154038.89,0.48,1350.66,5.9,144.11,0.63
386,空头出场,BUY,2023/1/31 20:30,22904.11,1,646.35,2.74,153163.78,0.35,1050.68,4.46,48.54,0.21
386,空头进场,SELL,2023/1/30 16:30,23550.92,1,646.35,2.74,153163.78,0.35,1050.68,4.46,48.54,0.21
385,多头出场,SELL,2023/1/30 16:30,23550.92,1,555.91,2.42,152517.44,0.31,965.77,4.2,1.3,0.01
385,多头进场,BUY,2023/1/29 8:30,22994.54,1,555.91,2.42,152517.44,0.31,965.77,4.2,1.3,0.01
384,空头出场,BUY,2023/1/29 8:30,22994.54,1,25.22,0.11,151961.53,0.01,141.53,0.61,32.83,0.14
384,空头进场,SELL,2023/1/28 14:30,23020.22,1,25.22,0.11,151961.53,0.01,141.53,0.61,32.83,0.14
383,多头出场,SELL,2023/1/28 14:30,23020.22,1,-64.19,-0.28,151936.31,-0.04,415.82,1.8,132.85,0.58
383,多头进场,BUY,2023/1/28 0:30,23083.95,1,-64.19,-0.28,151936.31,-0.04,415.82,1.8,132.85,0.58
382,空头出场,BUY,2023/1/28 0:30,23083.95,1,-30.21,-0.13,152000.5,-0.02,519.09,2.25,94.03,0.41
382,空头进场,SELL,2023/1/27 6:30,23054.2,1,-30.21,-0.13,152000.5,-0.02,519.09,2.25,94.03,0.41
381,多头出场,SELL,2023/1/27 6:30,23054.2,1,-25.1,-0.11,152030.7,-0.01,115.93,0.5,116,0.5
381,多头进场,BUY,2023/1/27 2:30,23078.84,1,-25.1,-0.11,152030.7,-0.01,115.93,0.5,116,0.5
380,空头出场,BUY,2023/1/27 2:30,23078.84,1,-86.06,-0.37,152055.81,-0.05,35.11,0.15,97.59,0.42
380,空头进场,SELL,2023/1/27 0:30,22993.24,1,-86.06,-0.37,152055.81,-0.05,35.11,0.15,97.59,0.42
379,多头出场,SELL,2023/1/27 0:30,22993.24,1,94.01,0.41,152141.88,0.05,917.73,4.01,82.34,0.36
379,多头进场,BUY,2023/1/26 4:30,22898.77,1,94.01,0.41,152141.88,0.05,917.73,4.01,82.34,0.36
378,空头出场,BUY,2023/1/26 4:30,22898.77,1,173.7,0.75,152047.86,0.1,772.7,3.35,16.41,0.07
378,空头进场,SELL,2023/1/24 16:30,23072.93,1,173.7,0.75,152047.86,0.1,772.7,3.35,16.41,0.07
377,多头出场,SELL,2023/1/24 16:30,23072.93,1,95.59,0.42,151874.16,0.05,185.09,0.81,46.99,0.2
377,多头进场,BUY,2023/1/24 8:30,22976.88,1,95.59,0.42,151874.16,0.05,185.09,0.81,46.99,0.2
376,空头出场,BUY,2023/1/24 8:30,22976.88,1,-52.53,-0.23,151778.56,-0.03,632.21,2.76,255.42,1.11
376,空头进场,SELL,2023/1/22 8:30,22924.81,1,-52.53,-0.23,151778.56,-0.03,632.21,2.76,255.42,1.11
375,多头出场,SELL,2023/1/22 8:30,22924.81,1,2029.46,9.71,151831.1,1.13,2476.68,11.85,103.99,0.5
375,多头进场,BUY,2023/1/20 0:30,20894.91,1,2029.46,9.71,151831.1,1.13,2476.68,11.85,103.99,0.5
374,空头出场,BUY,2023/1/20 0:30,20894.91,1,-213.08,-1.03,149801.64,-0.12,274.89,1.33,967.96,4.68
374,空头进场,SELL,2023/1/15 2:30,20682.25,1,-213.08,-1.03,149801.64,-0.12,274.89,1.33,967.96,4.68
373,多头出场,SELL,2023/1/15 2:30,20682.25,1,1755.19,9.27,150014.72,0.98,2331.15,12.32,20.8,0.11
373,多头进场,BUY,2023/1/13 22:30,18926.66,1,1755.19,9.27,150014.72,0.98,2331.15,12.32,20.8,0.11
372,空头出场,BUY,2023/1/13 22:30,18926.66,1,12.17,0.06,148259.52,0.01,127.5,0.67,118.68,0.63
372,空头进场,SELL,2023/1/13 18:30,18939.21,1,12.17,0.06,148259.52,0.01,127.5,0.67,118.68,0.63
371,多头出场,SELL,2023/1/13 18:30,18939.21,1,1403.65,8,148247.34,0.79,1581.66,9.02,26.52,0.15
371,多头进场,BUY,2023/1/12 4:30,17535.2,1,1403.65,8,148247.34,0.79,1581.66,9.02,26.52,0.15
370,空头出场,BUY,2023/1/12 4:30,17535.2,1,-89.58,-0.51,146843.7,-0.05,130.2,0.75,135.95,0.78
370,空头进场,SELL,2023/1/11 18:30,17445.97,1,-89.58,-0.51,146843.7,-0.05,130.2,0.75,135.95,0.78
369,多头出场,SELL,2023/1/11 18:30,17445.97,1,67.41,0.39,146933.28,0.04,131.62,0.76,11.8,0.07
369,多头进场,BUY,2023/1/11 2:30,17378.21,1,67.41,0.39,146933.28,0.04,131.62,0.76,11.8,0.07
368,空头出场,BUY,2023/1/11 2:30,17378.21,1,-169.45,-0.98,146865.88,-0.1,80.94,0.47,195.72,1.14
368,空头进场,SELL,2023/1/10 6:30,17209.11,1,-169.45,-0.98,146865.88,-0.1,80.94,0.47,195.72,1.14
367,多头出场,SELL,2023/1/10 6:30,17209.11,1,240.37,1.42,147035.31,0.14,430.23,2.54,9.74,0.06
367,多头进场,BUY,2023/1/9 6:30,16968.4,1,240.37,1.42,147035.31,0.14,430.23,2.54,9.74,0.06
366,空头出场,BUY,2023/1/9 6:30,16968.4,1,-44.18,-0.26,146794.95,-0.02,13.39,0.08,97.69,0.58
366,空头进场,SELL,2023/1/8 0:30,16924.56,1,-44.18,-0.26,146794.95,-0.02,13.39,0.08,97.69,0.58
365,多头出场,SELL,2023/1/8 0:30,16924.56,1,75.84,0.45,146839.12,0.04,192.45,1.14,7.3,0.04
365,多头进场,BUY,2023/1/7 2:30,16848.38,1,75.84,0.45,146839.12,0.04,192.45,1.14,7.3,0.04
364,空头出场,BUY,2023/1/7 2:30,16848.38,1,17.22,0.1,146763.28,0.01,186.77,1.11,14.05,0.08
364,空头进场,SELL,2023/1/5 8:30,16865.94,1,17.22,0.1,146763.28,0.01,186.77,1.11,14.05,0.08
363,多头出场,SELL,2023/1/5 8:30,16865.94,1,147.28,0.88,146746.06,0.08,273.38,1.64,1.26,0.01
363,多头进场,BUY,2023/1/4 10:30,16718.32,1,147.28,0.88,146746.06,0.08,273.38,1.64,1.26,0.01
362,空头出场,BUY,2023/1/4 10:30,16718.32,1,-35.86,-0.21,146598.78,-0.02,77.34,0.46,95.78,0.57
362,空头进场,SELL,2023/1/3 8:30,16682.79,1,-35.86,-0.21,146598.78,-0.02,77.34,0.46,95.78,0.57
361,多头出场,SELL,2023/1/3 8:30,16682.79,1,118.4,0.71,146634.64,0.07,235,1.42,30.55,0.18
361,多头进场,BUY,2023/1/1 20:30,16564.06,1,118.4,0.71,146634.64,0.07,235,1.42,30.55,0.18
360,空头出场,BUY,2023/1/1 20:30,16564.06,1,-11.5,-0.07,146516.25,-0.01,53.71,0.32,19.7,0.12
360,空头进场,SELL,2023/1/1 10:30,16552.89,1,-11.5,-0.07,146516.25,-0.01,53.71,0.32,19.7,0.12
359,多头出场,SELL,2023/1/1 10:30,16552.89,1,25.8,0.16,146527.75,0.01,150.42,0.91,56.93,0.34
359,多头进场,BUY,2022/12/31 2:30,16526.76,1,25.8,0.16,146527.75,0.01,150.42,0.91,56.93,0.34
358,空头出场,BUY,2022/12/31 2:30,16526.76,1,30.01,0.18,146501.94,0.02,223.93,1.35,23.77,0.14
358,空头进场,SELL,2022/12/30 14:30,16557.1,1,30.01,0.18,146501.94,0.02,223.93,1.35,23.77,0.14
357,多头出场,SELL,2022/12/30 14:30,16557.1,1,-6.41,-0.04,146471.94,0,101.06,0.61,46.26,0.28
357,多头进场,BUY,2022/12/29 14:30,16563.18,1,-6.41,-0.04,146471.94,0,101.06,0.61,46.26,0.28
356,空头出场,BUY,2022/12/29 14:30,16563.18,1,300.06,1.78,146478.34,0.17,398.07,2.36,1.84,0.01
356,空头进场,SELL,2022/12/27 18:30,16863.57,1,300.06,1.78,146478.34,0.17,398.07,2.36,1.84,0.01
355,多头出场,SELL,2022/12/27 18:30,16863.57,1,23.9,0.14,146178.3,0.01,133.33,0.79,21.68,0.13
355,多头进场,BUY,2022/12/27 6:30,16839.33,1,23.9,0.14,146178.3,0.01,133.33,0.79,21.68,0.13
354,空头出场,BUY,2022/12/27 6:30,16839.33,1,4.31,0.03,146154.39,0,52.81,0.31,18.42,0.11
354,空头进场,SELL,2022/12/26 22:30,16843.98,1,4.31,0.03,146154.39,0,52.81,0.31,18.42,0.11
353,多头出场,SELL,2022/12/26 22:30,16843.98,1,17.96,0.11,146150.08,0.01,98.15,0.58,7.85,0.05
353,多头进场,BUY,2022/12/26 8:30,16825.68,1,17.96,0.11,146150.08,0.01,98.15,0.58,7.85,0.05
352,空头出场,BUY,2022/12/26 8:30,16825.68,1,6.18,0.04,146132.11,0,111.03,0.66,25.93,0.15
352,空头进场,SELL,2022/12/25 10:30,16832.2,1,6.18,0.04,146132.11,0,111.03,0.66,25.93,0.15
351,多头出场,SELL,2022/12/25 10:30,16832.2,1,-4.75,-0.03,146125.92,0,16.17,0.1,8.09,0.05
351,多头进场,BUY,2022/12/25 8:30,16836.61,1,-4.75,-0.03,146125.92,0,16.17,0.1,8.09,0.05
350,空头出场,BUY,2022/12/25 8:30,16836.61,1,3.96,0.02,146130.67,0,32.59,0.19,29.25,0.17
350,空头进场,SELL,2022/12/25 4:30,16840.91,1,3.96,0.02,146130.67,0,32.59,0.19,29.25,0.17
349,多头出场,SELL,2022/12/25 4:30,16840.91,1,7.41,0.04,146126.72,0,31.67,0.19,5.32,0.03
349,多头进场,BUY,2022/12/25 0:30,16833.16,1,7.41,0.04,146126.72,0,31.67,0.19,5.32,0.03
348,空头出场,BUY,2022/12/25 0:30,16833.16,1,-0.36,0,146119.3,0,17.88,0.11,8.45,0.05
348,空头进场,SELL,2022/12/24 18:30,16833.14,1,-0.36,0,146119.3,0,17.88,0.11,8.45,0.05
347,多头出场,SELL,2022/12/24 18:30,16833.14,1,13.1,0.08,146119.66,0.01,39.57,0.24,11.86,0.07
347,多头进场,BUY,2022/12/24 14:30,16819.7,1,13.1,0.08,146119.66,0.01,39.57,0.24,11.86,0.07
346,空头出场,BUY,2022/12/24 14:30,16819.7,1,20.22,0.12,146106.55,0.01,35.08,0.21,1.66,0.01
346,空头进场,SELL,2022/12/24 12:30,16840.26,1,20.22,0.12,146106.55,0.01,35.08,0.21,1.66,0.01
345,多头出场,SELL,2022/12/24 12:30,16840.26,1,18.43,0.11,146086.33,0.01,25.14,0.15,14.53,0.09
345,多头进场,BUY,2022/12/24 10:30,16821.49,1,18.43,0.11,146086.33,0.01,25.14,0.15,14.53,0.09
344,空头出场,BUY,2022/12/24 10:30,16821.49,1,-33.62,-0.2,146067.89,-0.02,17.04,0.1,42.96,0.26
344,空头进场,SELL,2022/12/24 6:30,16788.21,1,-33.62,-0.2,146067.89,-0.02,17.04,0.1,42.96,0.26
343,多头出场,SELL,2022/12/24 6:30,16788.21,1,-13.72,-0.08,146101.52,-0.01,153.38,0.91,70.63,0.42
343,多头进场,BUY,2022/12/23 10:30,16801.59,1,-13.72,-0.08,146101.52,-0.01,153.38,0.91,70.63,0.42
342,空头出场,BUY,2022/12/23 10:30,16801.59,1,44.82,0.27,146115.23,0.03,286.73,1.7,68.14,0.4
342,空头进场,SELL,2022/12/21 20:30,16846.75,1,44.82,0.27,146115.23,0.03,286.73,1.7,68.14,0.4
341,多头出场,SELL,2022/12/21 20:30,16846.75,1,267.32,1.61,146070.4,0.15,482,2.91,0.73,0
341,多头进场,BUY,2022/12/20 10:30,16579.1,1,267.32,1.61,146070.4,0.15,482,2.91,0.73,0
340,空头出场,BUY,2022/12/20 10:30,16579.1,1,45.6,0.27,145803.1,0.03,368.56,2.22,24.14,0.15
340,空头进场,SELL,2022/12/20 2:30,16625.03,1,45.6,0.27,145803.1,0.03,368.56,2.22,24.14,0.15
339,多头出场,SELL,2022/12/20 2:30,16625.03,1,-74.39,-0.45,145757.48,-0.04,164,0.98,194.26,1.16
339,多头进场,BUY,2022/12/17 18:30,16699.09,1,-74.39,-0.45,145757.48,-0.04,164,0.98,194.26,1.16
338,空头出场,BUY,2022/12/17 18:30,16699.09,1,1555.1,8.52,145831.88,0.89,1727.04,9.46,133.59,0.73
338,空头进场,SELL,2022/12/15 2:30,18254.54,1,1555.1,8.52,145831.88,0.89,1727.04,9.46,133.59,0.73
337,多头出场,SELL,2022/12/15 2:30,18254.54,1,1238.68,7.28,144276.78,0.72,1281.74,7.53,9.98,0.06
337,多头进场,BUY,2022/12/13 2:30,17015.51,1,1238.68,7.28,144276.78,0.72,1281.74,7.53,9.98,0.06
336,空头出场,BUY,2022/12/13 2:30,17015.51,1,166.7,0.97,143038.11,0.1,310.53,1.81,88.61,0.52
336,空头进场,SELL,2022/12/10 0:30,17182.55,1,166.7,0.97,143038.11,0.1,310.53,1.81,88.61,0.52
335,多头出场,SELL,2022/12/10 0:30,17182.55,1,358.81,2.13,142871.4,0.21,536.43,3.19,90.08,0.54
335,多头进场,BUY,2022/12/8 10:30,16823.4,1,358.81,2.13,142871.4,0.21,536.43,3.19,90.08,0.54
334,空头出场,BUY,2022/12/8 10:30,16823.4,1,168.52,0.99,142512.6,0.1,313.26,1.84,2.39,0.01
334,空头进场,SELL,2022/12/7 14:30,16992.26,1,168.52,0.99,142512.6,0.1,313.26,1.84,2.39,0.01
333,多头出场,SELL,2022/12/7 14:30,16992.26,1,1.85,0.01,142344.08,0,151.97,0.89,31.26,0.18
333,多头进场,BUY,2022/12/7 6:30,16990.07,1,1.85,0.01,142344.08,0,151.97,0.89,31.26,0.18
332,空头出场,BUY,2022/12/7 6:30,16990.07,1,201.34,1.17,142342.22,0.12,324.58,1.89,37.39,0.22
332,空头进场,SELL,2022/12/5 22:30,17191.75,1,201.34,1.17,142342.22,0.12,324.58,1.89,37.39,0.22
331,多头出场,SELL,2022/12/5 22:30,17191.75,1,255.8,1.51,142140.89,0.15,488.47,2.88,0.19,0
331,多头进场,BUY,2022/12/4 22:30,16935.61,1,255.8,1.51,142140.89,0.15,488.47,2.88,0.19,0
330,空头出场,BUY,2022/12/4 22:30,16935.61,1,66.03,0.39,141885.1,0.04,96.8,0.57,7.18,0.04
330,空头进场,SELL,2022/12/4 18:30,17001.98,1,66.03,0.39,141885.1,0.04,96.8,0.57,7.18,0.04
329,多头出场,SELL,2022/12/4 18:30,17001.98,1,-23.97,-0.14,141819.06,-0.01,24.22,0.14,49.73,0.29
329,多头进场,BUY,2022/12/4 14:30,17025.61,1,-23.97,-0.14,141819.06,-0.01,24.22,0.14,49.73,0.29
328,空头出场,BUY,2022/12/4 14:30,17025.61,1,-42.04,-0.25,141843.03,-0.02,125,0.74,84.26,0.5
328,空头进场,SELL,2022/12/3 14:30,16983.91,1,-42.04,-0.25,141843.03,-0.02,125,0.74,84.26,0.5
327,多头出场,SELL,2022/12/3 14:30,16983.91,1,-60.92,-0.36,141885.06,-0.04,144.32,0.85,100.93,0.59
327,多头进场,BUY,2022/12/3 6:30,17044.49,1,-60.92,-0.36,141885.06,-0.04,144.32,0.85,100.93,0.59
326,空头出场,BUY,2022/12/3 6:30,17044.49,1,45.48,0.27,141945.98,0.03,302.29,1.77,233.86,1.37
326,空头进场,SELL,2022/12/1 18:30,17090.31,1,45.48,0.27,141945.98,0.03,302.29,1.77,233.86,1.37
325,多头出场,SELL,2022/12/1 18:30,17090.31,1,874.39,5.39,141900.52,0.51,1033.25,6.37,115.75,0.71
325,多头进场,BUY,2022/11/29 6:30,16215.59,1,874.39,5.39,141900.52,0.51,1033.25,6.37,115.75,0.71
324,空头出场,BUY,2022/11/29 6:30,16215.59,1,352.14,2.13,141026.12,0.21,572.62,3.46,25.05,0.15
324,空头进场,SELL,2022/11/28 6:30,16568.06,1,352.14,2.13,141026.12,0.21,572.62,3.46,25.05,0.15
323,多头出场,SELL,2022/11/28 6:30,16568.06,1,12.37,0.07,140673.98,0.01,41.83,0.25,35.53,0.21
323,多头进场,BUY,2022/11/27 20:30,16555.36,1,12.37,0.07,140673.98,0.01,41.83,0.25,35.53,0.21
322,空头出场,BUY,2022/11/27 20:30,16555.36,1,43.16,0.26,140661.61,0.03,213.68,1.29,81.89,0.49
322,空头进场,SELL,2022/11/26 22:30,16598.85,1,43.16,0.26,140661.61,0.03,213.68,1.29,81.89,0.49
321,多头出场,SELL,2022/11/26 22:30,16598.85,1,80.05,0.48,140618.45,0.05,183.35,1.11,3.79,0.02
321,多头进场,BUY,2022/11/26 8:30,16518.47,1,80.05,0.48,140618.45,0.05,183.35,1.11,3.79,0.02
320,空头出场,BUY,2022/11/26 8:30,16518.47,1,64.45,0.39,140538.4,0.04,240.27,1.45,92.92,0.56
320,空头进场,SELL,2022/11/24 18:30,16583.25,1,64.45,0.39,140538.4,0.04,240.27,1.45,92.92,0.56
319,多头出场,SELL,2022/11/24 18:30,16583.25,1,842.64,5.35,140473.95,0.5,1072.18,6.81,57.12,0.36
319,多头进场,BUY,2022/11/22 18:30,15740.29,1,842.64,5.35,140473.95,0.5,1072.18,6.81,57.12,0.36
318,空头出场,BUY,2022/11/22 18:30,15740.29,1,910.41,5.47,139631.31,0.54,1174.85,7.06,32.15,0.19
318,空头进场,SELL,2022/11/20 18:30,16651.02,1,910.41,5.47,139631.31,0.54,1174.85,7.06,32.15,0.19
317,多头出场,SELL,2022/11/20 18:30,16651.02,1,8.25,0.05,138720.9,0,179.8,1.08,81.61,0.49
317,多头进场,BUY,2022/11/20 4:30,16642.44,1,8.25,0.05,138720.9,0,179.8,1.08,81.61,0.49
316,空头出场,BUY,2022/11/20 4:30,16642.44,1,47.53,0.28,138712.67,0.03,144.09,0.86,37.86,0.23
316,空头进场,SELL,2022/11/19 0:30,16690.3,1,47.53,0.28,138712.67,0.03,144.09,0.86,37.86,0.23
315,多头出场,SELL,2022/11/19 0:30,16690.3,1,73.01,0.44,138665.14,0.04,393.87,2.37,14.72,0.09
315,多头进场,BUY,2022/11/18 0:30,16616.96,1,73.01,0.44,138665.14,0.04,393.87,2.37,14.72,0.09
314,空头出场,BUY,2022/11/18 0:30,16616.96,1,204.06,1.21,138592.12,0.12,442.57,2.63,86.04,0.51
314,空头进场,SELL,2022/11/16 14:30,16821.35,1,204.06,1.21,138592.12,0.12,442.57,2.63,86.04,0.51
313,多头出场,SELL,2022/11/16 14:30,16821.35,1,39.33,0.23,138388.08,0.02,408.15,2.43,600.85,3.58
313,多头进场,BUY,2022/11/14 16:30,16781.68,1,39.33,0.23,138388.08,0.02,408.15,2.43,600.85,3.58
312,空头出场,BUY,2022/11/14 16:30,16781.68,1,-58.69,-0.35,138348.75,-0.03,907.95,5.43,212.43,1.27
312,空头进场,SELL,2022/11/13 16:30,16723.33,1,-58.69,-0.35,138348.75,-0.03,907.95,5.43,212.43,1.27
311,多头出场,SELL,2022/11/13 16:30,16723.33,1,-29.31,-0.17,138407.42,-0.02,243.87,1.46,189.66,1.13
311,多头进场,BUY,2022/11/12 16:30,16752.31,1,-29.31,-0.17,138407.42,-0.02,243.87,1.46,189.66,1.13
310,空头出场,BUY,2022/11/12 16:30,16752.31,1,37.35,0.22,138436.73,0.02,158.44,0.94,83.03,0.49
310,空头进场,SELL,2022/11/12 12:30,16790,1,37.35,0.22,138436.73,0.02,158.44,0.94,83.03,0.49
309,多头出场,SELL,2022/11/12 12:30,16790,1,-101.36,-0.6,138399.39,-0.06,257.77,1.53,117.19,0.69
309,多头进场,BUY,2022/11/12 6:30,16891.02,1,-101.36,-0.6,138399.39,-0.06,257.77,1.53,117.19,0.69
308,空头出场,BUY,2022/11/12 6:30,16891.02,1,-206.92,-1.24,138500.75,-0.12,128.5,0.77,227.54,1.36
308,空头进场,SELL,2022/11/12 4:30,16684.44,1,-206.92,-1.24,138500.75,-0.12,128.5,0.77,227.54,1.36
307,多头出场,SELL,2022/11/12 4:30,16684.44,1,-66.51,-0.4,138707.66,-0.04,1448.21,8.65,492.05,2.94
307,多头进场,BUY,2022/11/10 14:30,16750.62,1,-66.51,-0.4,138707.66,-0.04,1448.21,8.65,492.05,2.94
306,空头出场,BUY,2022/11/10 14:30,16750.62,1,4588.98,21.5,138774.17,2.8,5751.77,26.95,40.23,0.19
306,空头进场,SELL,2022/11/6 0:30,21339.98,1,4588.98,21.5,138774.17,2.8,5751.77,26.95,40.23,0.19
305,多头出场,SELL,2022/11/6 0:30,21339.98,1,1093.59,5.4,134185.19,0.67,1234.48,6.1,88.31,0.44
305,多头进场,BUY,2022/11/4 2:30,20245.97,1,1093.59,5.4,134185.19,0.67,1234.48,6.1,88.31,0.44
304,空头出场,BUY,2022/11/4 2:30,20245.97,1,36,0.18,133091.6,0.02,250.94,1.24,57.68,0.28
304,空头进场,SELL,2022/11/3 18:30,20282.38,1,36,0.18,133091.6,0.02,250.94,1.24,57.68,0.28
303,多头出场,SELL,2022/11/3 18:30,20282.38,1,-44.52,-0.22,133055.6,-0.03,37.14,0.18,75.79,0.37
303,多头进场,BUY,2022/11/3 14:30,20326.49,1,-44.52,-0.22,133055.6,-0.03,37.14,0.18,75.79,0.37
302,空头出场,BUY,2022/11/3 14:30,20326.49,1,79.99,0.39,133100.11,0.05,358.65,1.76,393.31,1.93
302,空头进场,SELL,2022/11/2 20:30,20406.89,1,79.99,0.39,133100.11,0.05,358.65,1.76,393.31,1.93
301,多头出场,SELL,2022/11/2 20:30,20406.89,1,-75.51,-0.37,133020.12,-0.05,217.81,1.06,151.45,0.74
301,多头进场,BUY,2022/11/1 12:30,20481.99,1,-75.51,-0.37,133020.12,-0.05,217.81,1.06,151.45,0.74
300,空头出场,BUY,2022/11/1 12:30,20481.99,1,258.76,1.25,133095.62,0.16,503,2.43,190.26,0.92
300,空头进场,SELL,2022/10/30 8:30,20741.16,1,258.76,1.25,133095.62,0.16,503,2.43,190.26,0.92
299,多头出场,SELL,2022/10/30 8:30,20741.16,1,98.72,0.48,132836.88,0.06,442.76,2.14,100.24,0.49
299,多头进场,BUY,2022/10/29 0:30,20642.03,1,98.72,0.48,132836.88,0.06,442.76,2.14,100.24,0.49
298,空头出场,BUY,2022/10/29 0:30,20642.03,1,126.84,0.61,132738.16,0.08,768.98,3.7,103.14,0.5
298,空头进场,SELL,2022/10/27 10:30,20769.28,1,126.84,0.61,132738.16,0.08,768.98,3.7,103.14,0.5
297,多头出场,SELL,2022/10/27 10:30,20769.28,1,1480.89,7.68,132611.31,0.92,1731.82,8.98,27.36,0.14
297,多头进场,BUY,2022/10/25 20:30,19287.99,1,1480.89,7.68,132611.31,0.92,1731.82,8.98,27.36,0.14
296,空头出场,BUY,2022/10/25 20:30,19287.99,1,73.6,0.38,131130.42,0.05,204.79,1.06,89.11,0.46
296,空头进场,SELL,2022/10/24 14:30,19361.98,1,73.6,0.38,131130.42,0.05,204.79,1.06,89.11,0.46
295,多头出场,SELL,2022/10/24 14:30,19361.98,1,191.58,1,131056.83,0.12,524.8,2.74,0.19,0
295,多头进场,BUY,2022/10/24 0:30,19170.01,1,191.58,1,131056.83,0.12,524.8,2.74,0.19,0
294,空头出场,BUY,2022/10/24 0:30,19170.01,1,2.67,0.01,130865.24,0,102.76,0.54,40.27,0.21
294,空头进场,SELL,2022/10/23 14:30,19173.06,1,2.67,0.01,130865.24,0,102.76,0.54,40.27,0.21
293,多头出场,SELL,2022/10/23 14:30,19173.06,1,174.19,0.92,130862.58,0.11,258.32,1.36,61.18,0.32
293,多头进场,BUY,2022/10/21 22:30,18998.49,1,174.19,0.92,130862.58,0.11,258.32,1.36,61.18,0.32
292,空头出场,BUY,2022/10/21 22:30,18998.49,1,32.63,0.17,130688.38,0.02,381.31,2,100.08,0.53
292,空头进场,SELL,2022/10/21 6:30,19031.5,1,32.63,0.17,130688.38,0.02,381.31,2,100.08,0.53
291,多头出场,SELL,2022/10/21 6:30,19031.5,1,-101.95,-0.53,130655.76,-0.06,214.56,1.12,203.88,1.07
291,多头进场,BUY,2022/10/20 16:30,19133.07,1,-101.95,-0.53,130655.76,-0.06,214.56,1.12,203.88,1.07
290,空头出场,BUY,2022/10/20 16:30,19133.07,1,467.37,2.38,130757.71,0.29,700.63,3.57,79.86,0.41
290,空头进场,SELL,2022/10/18 20:30,19600.83,1,467.37,2.38,130757.71,0.29,700.63,3.57,79.86,0.41
289,多头出场,SELL,2022/10/18 20:30,19600.83,1,450.13,2.35,130290.34,0.28,556.16,2.9,63.13,0.33
289,多头进场,BUY,2022/10/16 12:30,19150.31,1,450.13,2.35,130290.34,0.28,556.16,2.9,63.13,0.33
288,空头出场,BUY,2022/10/16 12:30,19150.31,1,176.76,0.91,129840.2,0.11,352.08,1.82,49.93,0.26
288,空头进场,SELL,2022/10/15 0:30,19327.45,1,176.76,0.91,129840.2,0.11,352.08,1.82,49.93,0.26
287,多头出场,SELL,2022/10/15 0:30,19327.45,1,156.46,0.82,129663.45,0.1,781.07,4.07,10.65,0.06
287,多头进场,BUY,2022/10/14 2:30,19170.61,1,156.46,0.82,129663.45,0.1,781.07,4.07,10.65,0.06
286,空头出场,BUY,2022/10/14 2:30,19170.61,1,-88.97,-0.47,129506.99,-0.06,891.83,4.67,146.17,0.77
286,空头进场,SELL,2022/10/13 14:30,19082.02,1,-88.97,-0.47,129506.99,-0.06,891.83,4.67,146.17,0.77
285,多头出场,SELL,2022/10/13 14:30,19082.02,1,69.86,0.37,129595.97,0.04,226.34,1.19,93.96,0.49
285,多头进场,BUY,2022/10/11 22:30,19011.78,1,69.86,0.37,129595.97,0.04,226.34,1.19,93.96,0.49
284,空头出场,BUY,2022/10/11 22:30,19011.78,1,278.45,1.44,129526.11,0.17,430.42,2.23,151.57,0.79
284,空头进场,SELL,2022/10/10 18:30,19290.61,1,278.45,1.44,129526.11,0.17,430.42,2.23,151.57,0.79
283,多头出场,SELL,2022/10/10 18:30,19290.61,1,-215.84,-1.11,129247.66,-0.14,51.74,0.27,399.26,2.05
283,多头进场,BUY,2022/10/8 20:30,19506.06,1,-215.84,-1.11,129247.66,-0.14,51.74,0.27,399.26,2.05
282,空头出场,BUY,2022/10/8 20:30,19506.06,1,574.45,2.86,129463.5,0.36,760.71,3.79,375.89,1.87
282,空头进场,SELL,2022/10/5 16:30,20080.91,1,574.45,2.86,129463.5,0.36,760.71,3.79,375.89,1.87
281,多头出场,SELL,2022/10/5 16:30,20080.91,1,964.7,5.05,128889.05,0.61,1358.99,7.11,56.33,0.29
281,多头进场,BUY,2022/10/3 12:30,19115.82,1,964.7,5.05,128889.05,0.61,1358.99,7.11,56.33,0.29
280,空头出场,BUY,2022/10/3 12:30,19115.82,1,380.44,1.95,127924.34,0.24,576.11,2.95,1.16,0.01
280,空头进场,SELL,2022/10/1 4:30,19496.65,1,380.44,1.95,127924.34,0.24,576.11,2.95,1.16,0.01
279,多头出场,SELL,2022/10/1 4:30,19496.65,1,34.51,0.18,127543.9,0.02,723.06,3.72,306.58,1.58
279,多头进场,BUY,2022/9/30 6:30,19461.75,1,34.51,0.18,127543.9,0.02,723.06,3.72,306.58,1.58
278,空头出场,BUY,2022/9/30 6:30,19461.75,1,-82.02,-0.42,127509.39,-0.05,536.92,2.77,265.59,1.37
278,空头进场,SELL,2022/9/29 20:30,19380.12,1,-82.02,-0.42,127509.39,-0.05,536.92,2.77,265.59,1.37
277,多头出场,SELL,2022/9/29 20:30,19380.12,1,-115.32,-0.59,127591.41,-0.07,294.76,1.51,239.17,1.23
277,多头进场,BUY,2022/9/29 0:30,19495.05,1,-115.32,-0.59,127591.41,-0.07,294.76,1.51,239.17,1.23
276,空头出场,BUY,2022/9/29 0:30,19495.05,1,-3.23,-0.02,127706.73,0,1020.74,5.24,174.64,0.9
276,空头进场,SELL,2022/9/28 0:30,19492.21,1,-3.23,-0.02,127706.73,0,1020.74,5.24,174.64,0.9
275,多头出场,SELL,2022/9/28 0:30,19492.21,1,401.31,2.1,127709.96,0.26,1295.16,6.78,287.57,1.51
275,多头进场,BUY,2022/9/26 16:30,19090.51,1,401.31,2.1,127709.96,0.26,1295.16,6.78,287.57,1.51
274,空头出场,BUY,2022/9/26 16:30,19090.51,1,1.76,0.01,127308.64,0,463.26,2.43,30.81,0.16
274,空头进场,SELL,2022/9/25 20:30,19092.65,1,1.76,0.01,127308.64,0,463.26,2.43,30.81,0.16
273,多头出场,SELL,2022/9/25 20:30,19092.65,1,65.79,0.35,127306.88,0.04,153.54,0.81,44.67,0.23
273,多头进场,BUY,2022/9/25 14:30,19026.48,1,65.79,0.35,127306.88,0.04,153.54,0.81,44.67,0.23
272,空头出场,BUY,2022/9/25 14:30,19026.48,1,68.54,0.36,127241.09,0.04,289.87,1.52,55.6,0.29
272,空头进场,SELL,2022/9/25 4:30,19095.4,1,68.54,0.36,127241.09,0.04,289.87,1.52,55.6,0.29
271,多头出场,SELL,2022/9/25 4:30,19095.4,1,-79.5,-0.41,127172.56,-0.05,232.02,1.21,248.77,1.3
271,多头进场,BUY,2022/9/24 6:30,19174.52,1,-79.5,-0.41,127172.56,-0.05,232.02,1.21,248.77,1.3
270,空头出场,BUY,2022/9/24 6:30,19174.52,1,-90.33,-0.47,127252.06,-0.06,552.96,2.9,104.14,0.55
270,空头进场,SELL,2022/9/23 18:30,19084.57,1,-90.33,-0.47,127252.06,-0.06,552.96,2.9,104.14,0.55
269,多头出场,SELL,2022/9/23 18:30,19084.57,1,-41.78,-0.22,127342.39,-0.03,424.01,2.22,346.15,1.81
269,多头进场,BUY,2022/9/22 16:30,19125.97,1,-41.78,-0.22,127342.39,-0.03,424.01,2.22,346.15,1.81
268,空头出场,BUY,2022/9/22 16:30,19125.97,1,-221.37,-1.17,127384.17,-0.14,778.81,4.12,224.31,1.19
268,空头进场,SELL,2022/9/22 4:30,18904.98,1,-221.37,-1.17,127384.17,-0.14,778.81,4.12,224.31,1.19
267,多头出场,SELL,2022/9/22 4:30,18904.98,1,36.19,0.19,127605.55,0.02,1087.4,5.76,202.6,1.07
267,多头进场,BUY,2022/9/21 16:30,18868.41,1,36.19,0.19,127605.55,0.02,1087.4,5.76,202.6,1.07
266,空头出场,BUY,2022/9/21 16:30,18868.41,1,150.93,0.79,127569.35,0.1,307.66,1.62,128.47,0.68
266,空头进场,SELL,2022/9/21 0:30,19019.72,1,150.93,0.79,127569.35,0.1,307.66,1.62,128.47,0.68
265,多头出场,SELL,2022/9/21 0:30,19019.72,1,109.51,0.58,127418.42,0.07,776.18,4.1,133.02,0.7
265,多头进场,BUY,2022/9/20 2:30,18909.83,1,109.51,0.58,127418.42,0.07,776.18,4.1,133.02,0.7
264,空头出场,BUY,2022/9/20 2:30,18909.83,1,1078.14,5.39,127308.91,0.69,1755.6,8.78,48.84,0.24
264,空头进场,SELL,2022/9/18 18:30,19988.36,1,1078.14,5.39,127308.91,0.69,1755.6,8.78,48.84,0.24
263,多头出场,SELL,2022/9/18 18:30,19988.36,1,50.84,0.26,126230.77,0.03,456.05,2.29,617.31,3.1
263,多头进场,BUY,2022/9/15 4:30,19937.12,1,50.84,0.26,126230.77,0.03,456.05,2.29,617.31,3.1
262,空头出场,BUY,2022/9/15 4:30,19937.12,1,2210.87,9.98,126179.93,1.44,2530.57,11.43,650.81,2.94
262,空头进场,SELL,2022/9/13 8:30,22148.41,1,2210.87,9.98,126179.93,1.44,2530.57,11.43,650.81,2.94
261,多头出场,SELL,2022/9/13 8:30,22148.41,1,406.71,1.87,123969.06,0.26,746.52,3.43,21.34,0.1
261,多头进场,BUY,2022/9/12 14:30,21741.26,1,406.71,1.87,123969.06,0.26,746.52,3.43,21.34,0.1
260,空头出场,BUY,2022/9/12 14:30,21741.26,1,-361.9,-1.69,123562.35,-0.24,268.45,1.26,994.42,4.65
260,空头进场,SELL,2022/9/10 16:30,21379.79,1,-361.9,-1.69,123562.35,-0.24,268.45,1.26,994.42,4.65
259,多头出场,SELL,2022/9/10 16:30,21379.79,1,2490.57,13.19,123924.25,1.64,2783.23,14.73,12.59,0.07
259,多头进场,BUY,2022/9/8 0:30,18888.82,1,2490.57,13.19,123924.25,1.64,2783.23,14.73,12.59,0.07
258,空头出场,BUY,2022/9/8 0:30,18888.82,1,846.06,4.29,121433.69,0.56,1224.3,6.2,59.45,0.3
258,空头进场,SELL,2022/9/7 0:30,19735.27,1,846.06,4.29,121433.69,0.56,1224.3,6.2,59.45,0.3
257,多头出场,SELL,2022/9/7 0:30,19735.27,1,-24.31,-0.12,120587.62,-0.02,420.61,2.13,95.69,0.48
257,多头进场,BUY,2022/9/6 6:30,19759.19,1,-24.31,-0.12,120587.62,-0.02,420.61,2.13,95.69,0.48
256,空头出场,BUY,2022/9/6 6:30,19759.19,1,-69.22,-0.35,120611.94,-0.05,20.02,0.1,109.84,0.56
256,空头进场,SELL,2022/9/6 2:30,19690.36,1,-69.22,-0.35,120611.94,-0.05,20.02,0.1,109.84,0.56
255,多头出场,SELL,2022/9/6 2:30,19690.36,1,-93.83,-0.47,120681.16,-0.06,166.7,0.84,102.78,0.52
255,多头进场,BUY,2022/9/5 22:30,19783.8,1,-93.83,-0.47,120681.16,-0.06,166.7,0.84,102.78,0.52
254,空头出场,BUY,2022/9/5 22:30,19783.8,1,-22.74,-0.12,120774.99,-0.02,127.43,0.64,41.42,0.21
254,空头进场,SELL,2022/9/5 18:30,19761.46,1,-22.74,-0.12,120774.99,-0.02,127.43,0.64,41.42,0.21
253,多头出场,SELL,2022/9/5 18:30,19761.46,1,-23.6,-0.12,120797.73,-0.02,272.41,1.38,134.86,0.68
253,多头进场,BUY,2022/9/4 18:30,19784.66,1,-23.6,-0.12,120797.73,-0.02,272.41,1.38,134.86,0.68
252,空头出场,BUY,2022/9/4 18:30,19784.66,1,-51.04,-0.26,120821.33,-0.03,150.72,0.76,98.66,0.5
252,空头进场,SELL,2022/9/4 14:30,19734.02,1,-51.04,-0.26,120821.33,-0.03,150.72,0.76,98.66,0.5
251,多头出场,SELL,2022/9/4 14:30,19734.02,1,-43.84,-0.22,120872.36,-0.03,34.53,0.17,47.42,0.24
251,多头进场,BUY,2022/9/4 12:30,19777.46,1,-43.84,-0.22,120872.36,-0.03,34.53,0.17,47.42,0.24
250,空头出场,BUY,2022/9/4 12:30,19777.46,1,138.16,0.69,120916.2,0.09,263.1,1.32,163.08,0.82
250,空头进场,SELL,2022/9/3 2:30,19916.02,1,138.16,0.69,120916.2,0.09,263.1,1.32,163.08,0.82
249,多头出场,SELL,2022/9/3 2:30,19916.02,1,-177.15,-0.88,120778.03,-0.12,348.29,1.73,337.68,1.68
249,多头进场,BUY,2022/9/2 6:30,20092.77,1,-177.15,-0.88,120778.03,-0.12,348.29,1.73,337.68,1.68
248,空头出场,BUY,2022/9/2 6:30,20092.77,1,21.4,0.11,120955.18,0.01,548.71,2.73,94,0.47
248,空头进场,SELL,2022/9/1 6:30,20114.57,1,21.4,0.11,120955.18,0.01,548.71,2.73,94,0.47
247,多头出场,SELL,2022/9/1 6:30,20114.57,1,-109.62,-0.54,120933.78,-0.07,75.98,0.38,128.15,0.63
247,多头进场,BUY,2022/9/1 4:30,20223.79,1,-109.62,-0.54,120933.78,-0.07,75.98,0.38,128.15,0.63
246,空头出场,BUY,2022/9/1 4:30,20223.79,1,-148.13,-0.74,121043.41,-0.1,194.64,0.97,252.6,1.26
246,空头进场,SELL,2022/9/1 0:30,20076.06,1,-148.13,-0.74,121043.41,-0.1,194.64,0.97,252.6,1.26
245,多头出场,SELL,2022/9/1 0:30,20076.06,1,-250.22,-1.23,121191.54,-0.17,163.92,0.81,456.08,2.24
245,多头进场,BUY,2022/8/31 10:30,20325.88,1,-250.22,-1.23,121191.54,-0.17,163.92,0.81,456.08,2.24
244,空头出场,BUY,2022/8/31 10:30,20325.88,1,-220.7,-1.1,121441.77,-0.15,565.38,2.81,285.84,1.42
244,空头进场,SELL,2022/8/30 22:30,20105.58,1,-220.7,-1.1,121441.77,-0.15,565.38,2.81,285.84,1.42
243,多头出场,SELL,2022/8/30 22:30,20105.58,1,169.01,0.85,121662.47,0.11,639.88,3.21,416.37,2.09
243,多头进场,BUY,2022/8/28 6:30,19936.17,1,169.01,0.85,121662.47,0.11,639.88,3.21,416.37,2.09
242,空头出场,BUY,2022/8/28 6:30,19936.17,1,1604.25,7.45,121493.46,1.07,1740.61,8.08,346.16,1.61
242,空头进场,SELL,2022/8/26 0:30,21540.83,1,1604.25,7.45,121493.46,1.07,1740.61,8.08,346.16,1.61
241,多头出场,SELL,2022/8/26 0:30,21540.83,1,14.42,0.07,119889.21,0.01,293.68,1.36,44.94,0.21
241,多头进场,BUY,2022/8/25 12:30,21525.98,1,14.42,0.07,119889.21,0.01,293.68,1.36,44.94,0.21
240,空头出场,BUY,2022/8/25 12:30,21525.98,1,1.23,0.01,119874.8,0,100.42,0.47,72.61,0.34
240,空头进场,SELL,2022/8/25 10:30,21527.64,1,1.23,0.01,119874.8,0,100.42,0.47,72.61,0.34
239,多头出场,SELL,2022/8/25 10:30,21527.64,1,56.93,0.27,119873.56,0.04,429.51,2,160.34,0.75
239,多头进场,BUY,2022/8/24 20:30,21470.28,1,56.93,0.27,119873.56,0.04,429.51,2,160.34,0.75
238,空头出场,BUY,2022/8/24 20:30,21470.28,1,-156.72,-0.74,119816.63,-0.1,168.78,0.79,196.22,0.92
238,空头进场,SELL,2022/8/24 10:30,21313.99,1,-156.72,-0.74,119816.63,-0.1,168.78,0.79,196.22,0.92
237,多头出场,SELL,2022/8/24 10:30,21313.99,1,349.37,1.67,119973.35,0.23,720.46,3.44,11.07,0.05
237,多头进场,BUY,2022/8/23 14:30,20964.2,1,349.37,1.67,119973.35,0.23,720.46,3.44,11.07,0.05
236,空头出场,BUY,2022/8/23 14:30,20964.2,1,302.07,1.42,119623.98,0.2,376.34,1.77,52.36,0.25
236,空头进场,SELL,2022/8/23 12:30,21266.69,1,302.07,1.42,119623.98,0.2,376.34,1.77,52.36,0.25
235,多头出场,SELL,2022/8/23 12:30,21266.69,1,83.16,0.39,119321.92,0.06,285.19,1.35,29.62,0.14
235,多头进场,BUY,2022/8/23 6:30,21183.11,1,83.16,0.39,119321.92,0.06,285.19,1.35,29.62,0.14
234,空头出场,BUY,2022/8/23 6:30,21183.11,1,-25.01,-0.12,119238.77,-0.02,195.31,0.92,81.69,0.39
234,空头进场,SELL,2022/8/23 2:30,21158.52,1,-25.01,-0.12,119238.77,-0.02,195.31,0.92,81.69,0.39
233,多头出场,SELL,2022/8/23 2:30,21158.52,1,-109.3,-0.51,119263.77,-0.07,281.1,1.32,181.07,0.85
233,多头进场,BUY,2022/8/22 20:30,21267.4,1,-109.3,-0.51,119263.77,-0.07,281.1,1.32,181.07,0.85
232,空头出场,BUY,2022/8/22 20:30,21267.4,1,-4.62,-0.02,119373.08,0,73,0.34,75.75,0.36
232,空头进场,SELL,2022/8/22 18:30,21263.21,1,-4.62,-0.02,119373.08,0,73,0.34,75.75,0.36
231,多头出场,SELL,2022/8/22 18:30,21263.21,1,67.49,0.32,119377.7,0.05,604.49,2.85,433.61,2.05
231,多头进场,BUY,2022/8/20 14:30,21195.3,1,67.49,0.32,119377.7,0.05,604.49,2.85,433.61,2.05
230,空头出场,BUY,2022/8/20 14:30,21195.3,1,1797.61,7.82,119310.21,1.22,2209.55,9.61,2.63,0.01
230,空头进场,SELL,2022/8/19 8:30,22993.35,1,1797.61,7.82,119310.21,1.22,2209.55,9.61,2.63,0.01
229,多头出场,SELL,2022/8/19 8:30,22993.35,1,-416.4,-1.78,117512.6,-0.28,190.48,0.81,532.52,2.27
229,多头进场,BUY,2022/8/18 14:30,23409.29,1,-416.4,-1.78,117512.6,-0.28,190.48,0.81,532.52,2.27
228,空头出场,BUY,2022/8/18 14:30,23409.29,1,364.48,1.53,117929.01,0.25,593.6,2.5,54.63,0.23
228,空头进场,SELL,2022/8/17 18:30,23774.24,1,364.48,1.53,117929.01,0.25,593.6,2.5,54.63,0.23
227,多头出场,SELL,2022/8/17 18:30,23774.24,1,-125.37,-0.52,117564.53,-0.08,547.34,2.29,200.68,0.84
227,多头进场,BUY,2022/8/17 8:30,23899.13,1,-125.37,-0.52,117564.53,-0.08,547.34,2.29,200.68,0.84
226,空头出场,BUY,2022/8/17 8:30,23899.13,1,518.75,2.12,117689.9,0.35,746.9,3.06,2.11,0.01
226,空头进场,SELL,2022/8/15 14:30,24418.36,1,518.75,2.12,117689.9,0.35,746.9,3.06,2.11,0.01
225,多头出场,SELL,2022/8/15 14:30,24418.36,1,-396.04,-1.6,117171.15,-0.27,397.16,1.6,465.27,1.88
225,多头进场,BUY,2022/8/15 10:30,24813.91,1,-396.04,-1.6,117171.15,-0.27,397.16,1.6,465.27,1.88
224,空头出场,BUY,2022/8/15 10:30,24813.91,1,-82.04,-0.33,117567.19,-0.06,588.12,2.38,85.47,0.35
224,空头进场,SELL,2022/8/14 18:30,24732.37,1,-82.04,-0.33,117567.19,-0.06,588.12,2.38,85.47,0.35
223,多头出场,SELL,2022/8/14 18:30,24732.37,1,112.28,0.46,117649.23,0.08,427.71,1.74,25.02,0.1
223,多头进场,BUY,2022/8/14 14:30,24619.6,1,112.28,0.46,117649.23,0.08,427.71,1.74,25.02,0.1
222,空头出场,BUY,2022/8/14 14:30,24619.6,1,-114.17,-0.47,117536.95,-0.08,186.58,0.76,136.3,0.56
222,空头进场,SELL,2022/8/14 2:30,24505.92,1,-114.17,-0.47,117536.95,-0.08,186.58,0.76,136.3,0.56
221,多头出场,SELL,2022/8/14 2:30,24505.92,1,418.86,1.74,117651.12,0.28,801.19,3.33,9.04,0.04
221,多头进场,BUY,2022/8/13 6:30,24086.57,1,418.86,1.74,117651.12,0.28,801.19,3.33,9.04,0.04
220,空头出场,BUY,2022/8/13 6:30,24086.57,1,110.91,0.46,117232.26,0.08,614.72,2.54,136.74,0.57
220,空头进场,SELL,2022/8/12 2:30,24197.96,1,110.91,0.46,117232.26,0.08,614.72,2.54,136.74,0.57
219,多头出场,SELL,2022/8/12 2:30,24197.96,1,1134.39,4.92,117121.35,0.78,1855.21,8.04,2.77,0.01
219,多头进场,BUY,2022/8/10 20:30,23063.1,1,1134.39,4.92,117121.35,0.78,1855.21,8.04,2.77,0.01
218,空头出场,BUY,2022/8/10 20:30,23063.1,1,766.07,3.21,115986.96,0.53,1164.71,4.89,103.85,0.44
218,空头进场,SELL,2022/8/9 8:30,23829.64,1,766.07,3.21,115986.96,0.53,1164.71,4.89,103.85,0.44
217,多头出场,SELL,2022/8/9 8:30,23829.64,1,731.08,3.17,115220.89,0.51,1146.68,4.96,46.61,0.2
217,多头进场,BUY,2022/8/8 0:30,23098.09,1,731.08,3.17,115220.89,0.51,1146.68,4.96,46.61,0.2
216,空头出场,BUY,2022/8/8 0:30,23098.09,1,110.85,0.48,114489.81,0.08,364.55,1.57,47.2,0.2
216,空头进场,SELL,2022/8/7 0:30,23209.4,1,110.85,0.48,114489.81,0.08,364.55,1.57,47.2,0.2
215,多头出场,SELL,2022/8/7 0:30,23209.4,1,236.46,1.03,114378.96,0.16,500.15,2.18,218.58,0.95
215,多头进场,BUY,2022/8/5 10:30,22972.48,1,236.46,1.03,114378.96,0.16,500.15,2.18,218.58,0.95
214,空头出场,BUY,2022/8/5 10:30,22972.48,1,213.12,0.92,114142.51,0.15,785.83,3.39,6.11,0.03
214,空头进场,SELL,2022/8/4 10:30,23186.06,1,213.12,0.92,114142.51,0.15,785.83,3.39,6.11,0.03
213,多头出场,SELL,2022/8/4 10:30,23186.06,1,105.85,0.46,113929.39,0.07,567.7,2.46,398.76,1.73
213,多头进场,BUY,2022/8/2 22:30,23079.75,1,105.85,0.46,113929.39,0.07,567.7,2.46,398.76,1.73
212,空头出场,BUY,2022/8/2 22:30,23079.75,1,1455.56,5.93,113823.54,1.02,1881.17,7.67,32.35,0.13
212,空头进场,SELL,2022/7/31 2:30,24535.79,1,1455.56,5.93,113823.54,1.02,1881.17,7.67,32.35,0.13
211,多头出场,SELL,2022/7/31 2:30,24535.79,1,-15.83,-0.06,112367.98,-0.01,57.3,0.23,216.38,0.88
211,多头进场,BUY,2022/7/30 22:30,24551.13,1,-15.83,-0.06,112367.98,-0.01,57.3,0.23,216.38,0.88
210,空头出场,BUY,2022/7/30 22:30,24551.13,1,-523.82,-2.18,112383.81,-0.37,613.53,2.55,640.44,2.67
210,空头进场,SELL,2022/7/29 14:30,24027.8,1,-523.82,-2.18,112383.81,-0.37,613.53,2.55,640.44,2.67
209,多头出场,SELL,2022/7/29 14:30,24027.8,1,2931.14,13.89,112907.63,2.09,3103.3,14.71,53.89,0.26
209,多头进场,BUY,2022/7/27 6:30,21096.21,1,2931.14,13.89,112907.63,2.09,3103.3,14.71,53.89,0.26
208,空头出场,BUY,2022/7/27 6:30,21096.21,1,1284.02,5.74,109976.48,0.93,1673.94,7.48,51.9,0.23
208,空头进场,SELL,2022/7/25 8:30,22380.66,1,1284.02,5.74,109976.48,0.93,1673.94,7.48,51.9,0.23
207,多头出场,SELL,2022/7/25 8:30,22380.66,1,31.51,0.14,108692.47,0.02,665.72,2.98,0.49,0
207,多头进场,BUY,2022/7/24 12:30,22348.7,1,31.51,0.14,108692.47,0.02,665.72,2.98,0.49,0
206,空头出场,BUY,2022/7/24 12:30,22348.7,1,661.86,2.88,108660.95,0.48,1076.21,4.68,127.67,0.55
206,空头进场,SELL,2022/7/23 2:30,23011.01,1,661.86,2.88,108660.95,0.48,1076.21,4.68,127.67,0.55
205,多头出场,SELL,2022/7/23 2:30,23011.01,1,-271.22,-1.16,107999.1,-0.2,474.49,2.04,395,1.7
205,多头进场,BUY,2022/7/22 16:30,23281.77,1,-271.22,-1.16,107999.1,-0.2,474.49,2.04,395,1.7
204,空头出场,BUY,2022/7/22 16:30,23281.77,1,571.88,2.4,108270.32,0.42,1512.42,6.34,96.12,0.4
204,空头进场,SELL,2022/7/21 0:30,23854.12,1,571.88,2.4,108270.32,0.42,1512.42,6.34,96.12,0.4
203,多头出场,SELL,2022/7/21 0:30,23854.12,1,1569.51,7.04,107698.45,1.15,1992.37,8.94,117.86,0.53
203,多头进场,BUY,2022/7/19 22:30,22284.15,1,1569.51,7.04,107698.45,1.15,1992.37,8.94,117.86,0.53
202,空头出场,BUY,2022/7/19 22:30,22284.15,1,-124.79,-0.56,106128.94,-0.09,580.04,2.62,281.09,1.27
202,空头进场,SELL,2022/7/19 10:30,22159.8,1,-124.79,-0.56,106128.94,-0.09,580.04,2.62,281.09,1.27
201,多头出场,SELL,2022/7/19 10:30,22159.8,1,560.62,2.6,106253.73,0.41,1362.76,6.31,42.96,0.2
201,多头进场,BUY,2022/7/19 6:30,21598.74,1,560.62,2.6,106253.73,0.41,1362.76,6.31,42.96,0.2
200,空头出场,BUY,2022/7/19 6:30,21598.74,1,8.1,0.04,105693.11,0.01,172.7,0.8,191.94,0.89
200,空头进场,SELL,2022/7/19 4:30,21607.27,1,8.1,0.04,105693.11,0.01,172.7,0.8,191.94,0.89
199,多头出场,SELL,2022/7/19 4:30,21607.27,1,299.54,1.41,105685.01,0.22,1470.12,6.9,58.97,0.28
199,多头进场,BUY,2022/7/18 12:30,21307.3,1,299.54,1.41,105685.01,0.22,1470.12,6.9,58.97,0.28
198,空头出场,BUY,2022/7/18 12:30,21307.3,1,135.51,0.63,105385.47,0.1,693.02,3.23,31.22,0.15
198,空头进场,SELL,2022/7/17 20:30,21443.24,1,135.51,0.63,105385.47,0.1,693.02,3.23,31.22,0.15
197,多头出场,SELL,2022/7/17 20:30,21443.24,1,283.76,1.34,105249.95,0.21,525.28,2.48,247.62,1.17
197,多头进场,BUY,2022/7/17 0:30,21159.05,1,283.76,1.34,105249.95,0.21,525.28,2.48,247.62,1.17
196,空头出场,BUY,2022/7/17 0:30,21159.05,1,-304.47,-1.46,104966.2,-0.23,376.18,1.8,576.79,2.77
196,空头进场,SELL,2022/7/16 6:30,20855,1,-304.47,-1.46,104966.2,-0.23,376.18,1.8,576.79,2.77
195,多头出场,SELL,2022/7/16 6:30,20855,1,1373.84,7.05,105270.66,1.03,1719.05,8.82,570.01,2.93
195,多头进场,BUY,2022/7/13 10:30,19480.76,1,1373.84,7.05,105270.66,1.03,1719.05,8.82,570.01,2.93
194,空头出场,BUY,2022/7/13 10:30,19480.76,1,333.79,1.68,103896.83,0.25,574.74,2.9,11.84,0.06
194,空头进场,SELL,2022/7/13 2:30,19814.94,1,333.79,1.68,103896.83,0.25,574.74,2.9,11.84,0.06
193,多头出场,SELL,2022/7/13 2:30,19814.94,1,24.16,0.12,103563.04,0.02,216.65,1.09,30.58,0.15
193,多头进场,BUY,2022/7/12 22:30,19790.38,1,24.16,0.12,103563.04,0.02,216.65,1.09,30.58,0.15
192,空头出场,BUY,2022/7/12 22:30,19790.38,1,692.59,3.38,103538.88,0.52,925.05,4.52,10.71,0.05
192,空头进场,SELL,2022/7/12 4:30,20483.37,1,692.59,3.38,103538.88,0.52,925.05,4.52,10.71,0.05
191,多头出场,SELL,2022/7/12 4:30,20483.37,1,-88.66,-0.43,102846.29,-0.07,144.46,0.7,151.83,0.74
191,多头进场,BUY,2022/7/12 2:30,20571.62,1,-88.66,-0.43,102846.29,-0.07,144.46,0.7,151.83,0.74
190,空头出场,BUY,2022/7/12 2:30,20571.62,1,1043.3,4.83,102934.95,0.79,1344.02,6.22,514.88,2.38
190,空头进场,SELL,2022/7/8 20:30,21615.34,1,1043.3,4.83,102934.95,0.79,1344.02,6.22,514.88,2.38
189,多头出场,SELL,2022/7/8 20:30,21615.34,1,1429.72,7.08,101891.65,1.1,2341.97,11.6,12.28,0.06
189,多头进场,BUY,2022/7/7 0:30,20185.2,1,1429.72,7.08,101891.65,1.1,2341.97,11.6,12.28,0.06
188,空头出场,BUY,2022/7/7 0:30,20185.2,1,-27.73,-0.14,100461.93,-0.02,396.42,1.97,256.34,1.27
188,空头进场,SELL,2022/7/6 8:30,20157.87,1,-27.73,-0.14,100461.93,-0.02,396.42,1.97,256.34,1.27
187,多头出场,SELL,2022/7/6 8:30,20157.87,1,-437.65,-2.13,100489.66,-0.33,73.68,0.36,508.3,2.47
187,多头进场,BUY,2022/7/6 4:30,20595.11,1,-437.65,-2.13,100489.66,-0.33,73.68,0.36,508.3,2.47
186,空头出场,BUY,2022/7/6 4:30,20595.11,1,-828.59,-4.19,100927.31,-0.63,462.32,2.34,983.28,4.97
186,空头进场,SELL,2022/7/5 18:30,19766.92,1,-828.59,-4.19,100927.31,-0.63,462.32,2.34,983.28,4.97
185,多头出场,SELL,2022/7/5 18:30,19766.92,1,674.58,3.53,101755.9,0.51,1386.26,7.26,36.83,0.19
185,多头进场,BUY,2022/7/4 0:30,19091.95,1,674.58,3.53,101755.9,0.51,1386.26,7.26,36.83,0.19
184,空头出场,BUY,2022/7/4 0:30,19091.95,1,-32.66,-0.17,101081.32,-0.02,129.29,0.68,85.3,0.45
184,空头进场,SELL,2022/7/3 16:30,19059.67,1,-32.66,-0.17,101081.32,-0.02,129.29,0.68,85.3,0.45
183,多头出场,SELL,2022/7/3 16:30,19059.67,1,209.29,1.11,101113.98,0.16,2068.16,10.97,69.19,0.37
183,多头进场,BUY,2022/7/1 6:30,18850,1,209.29,1.11,101113.98,0.16,2068.16,10.97,69.19,0.37
182,空头出场,BUY,2022/7/1 6:30,18850,1,949.61,4.8,100904.69,0.73,1173.8,5.93,0.21,0
182,空头进场,SELL,2022/6/30 14:30,19800,1,949.61,4.8,100904.69,0.73,1173.8,5.93,0.21,0
181,多头出场,SELL,2022/6/30 14:30,19800,1,-309.21,-1.54,99955.08,-0.24,323.3,1.61,309.01,1.54
181,多头进场,BUY,2022/6/30 2:30,20108.81,1,-309.21,-1.54,99955.08,-0.24,323.3,1.61,309.01,1.54
180,空头出场,BUY,2022/6/30 2:30,20108.81,1,588.8,2.84,100264.29,0.45,842.89,4.07,73.99,0.36
180,空头进场,SELL,2022/6/29 0:30,20698.02,1,588.8,2.84,100264.29,0.45,842.89,4.07,73.99,0.36
179,多头出场,SELL,2022/6/29 0:30,20698.02,1,-193.07,-0.92,99675.48,-0.15,321.22,1.54,338.88,1.62
179,多头进场,BUY,2022/6/28 16:30,20890.67,1,-193.07,-0.92,99675.48,-0.15,321.22,1.54,338.88,1.62
178,空头出场,BUY,2022/6/28 16:30,20890.67,1,695.85,3.22,99868.55,0.54,1076.72,4.99,114.88,0.53
178,空头进场,SELL,2022/6/26 20:30,21586.94,1,695.85,3.22,99868.55,0.54,1076.72,4.99,114.88,0.53
177,多头出场,SELL,2022/6/26 20:30,21586.94,1,177.11,0.83,99172.7,0.14,478.39,2.23,30.92,0.14
177,多头进场,BUY,2022/6/26 18:30,21409.4,1,177.11,0.83,99172.7,0.14,478.39,2.23,30.92,0.14
176,空头出场,BUY,2022/6/26 18:30,21409.4,1,-283.54,-1.34,98995.59,-0.22,219.46,1.04,462.35,2.19
176,空头进场,SELL,2022/6/25 20:30,21126.29,1,-283.54,-1.34,98995.59,-0.22,219.46,1.04,462.35,2.19
175,多头出场,SELL,2022/6/25 20:30,21126.29,1,702.78,3.44,99279.13,0.55,1191.21,5.83,253.29,1.24
175,多头进场,BUY,2022/6/23 14:30,20423.09,1,702.78,3.44,99279.13,0.55,1191.21,5.83,253.29,1.24
174,空头出场,BUY,2022/6/23 14:30,20423.09,1,406.4,1.95,98576.34,0.32,1059.18,5.08,225.3,1.08
174,空头进场,SELL,2022/6/22 4:30,20829.9,1,406.4,1.95,98576.34,0.32,1059.18,5.08,225.3,1.08
173,多头出场,SELL,2022/6/22 4:30,20829.9,1,2365.82,12.81,98169.95,1.88,3259.13,17.65,0.19,0
173,多头进场,BUY,2022/6/19 16:30,18463.69,1,2365.82,12.81,98169.95,1.88,3259.13,17.65,0.19,0
172,空头出场,BUY,2022/6/19 16:30,18463.69,1,1935.61,9.49,95804.13,1.56,2777.49,13.62,27.4,0.13
172,空头进场,SELL,2022/6/18 14:30,20399.69,1,1935.61,9.49,95804.13,1.56,2777.49,13.62,27.4,0.13
171,多头出场,SELL,2022/6/18 14:30,20399.69,1,-326.04,-1.57,93868.52,-0.26,639.9,3.09,403.45,1.95
171,多头进场,BUY,2022/6/17 14:30,20725.32,1,-326.04,-1.57,93868.52,-0.26,639.9,3.09,403.45,1.95
170,空头出场,BUY,2022/6/17 14:30,20725.32,1,269.27,1.28,94194.56,0.22,762.8,3.63,136.04,0.65
170,空头进场,SELL,2022/6/17 2:30,20995.01,1,269.27,1.28,94194.56,0.22,762.8,3.63,136.04,0.65
169,多头出场,SELL,2022/6/17 2:30,20995.01,1,482.32,2.35,93925.29,0.39,2483.26,12.11,262.48,1.28
169,多头进场,BUY,2022/6/15 18:30,20512.27,1,482.32,2.35,93925.29,0.39,2483.26,12.11,262.48,1.28
168,空头出场,BUY,2022/6/15 18:30,20512.27,1,-46.77,-0.23,93442.96,-0.04,354.09,1.73,353.66,1.73
168,空头进场,SELL,2022/6/15 16:30,20465.91,1,-46.77,-0.23,93442.96,-0.04,354.09,1.73,353.66,1.73
167,多头出场,SELL,2022/6/15 16:30,20465.91,1,-2044.56,-9.08,93489.73,-1.63,531,2.36,2187.61,9.72
167,多头进场,BUY,2022/6/14 14:30,22510.04,1,-2044.56,-9.08,93489.73,-1.63,531,2.36,2187.61,9.72
166,空头出场,BUY,2022/6/14 14:30,22510.04,1,4719.42,17.33,95534.3,3.91,6383.69,23.44,12.65,0.05
166,空头进场,SELL,2022/6/13 6:30,27229.96,1,4719.42,17.33,95534.3,3.91,6383.69,23.44,12.65,0.05
165,多头出场,SELL,2022/6/13 6:30,27229.96,1,-232.6,-0.85,90814.87,-0.19,885.61,3.22,357.35,1.3
165,多头进场,BUY,2022/6/12 22:30,27462.01,1,-232.6,-0.85,90814.87,-0.19,885.61,3.22,357.35,1.3
164,空头出场,BUY,2022/6/12 22:30,27462.01,1,2762.92,9.14,91047.47,2.34,3335.21,11.03,224.79,0.74
164,空头进场,SELL,2022/6/9 20:30,30225.51,1,2762.92,9.14,91047.47,2.34,3335.21,11.03,224.79,0.74
163,多头出场,SELL,2022/6/9 20:30,30225.51,1,-210.6,-0.69,88284.55,-0.18,264.2,0.87,431.03,1.42
163,多头进场,BUY,2022/6/9 16:30,30435.5,1,-210.6,-0.69,88284.55,-0.18,264.2,0.87,431.03,1.42
162,空头出场,BUY,2022/6/9 16:30,30435.5,1,3.82,0.01,88495.14,0,523.18,1.72,129.37,0.43
162,空头进场,SELL,2022/6/9 0:30,30439.93,1,3.82,0.01,88495.14,0,523.18,1.72,129.37,0.43
161,多头出场,SELL,2022/6/9 0:30,30439.93,1,-908.43,-2.9,88491.32,-0.76,219.95,0.7,1504.17,4.8
161,多头进场,BUY,2022/6/8 4:30,31347.74,1,-908.43,-2.9,88491.32,-0.76,219.95,0.7,1504.17,4.8
160,空头出场,BUY,2022/6/8 4:30,31347.74,1,-595.34,-1.94,89399.75,-0.5,1533.75,4.99,836.89,2.72
160,空头进场,SELL,2022/6/7 8:30,30753.02,1,-595.34,-1.94,89399.75,-0.5,1533.75,4.99,836.89,2.72
159,多头出场,SELL,2022/6/7 8:30,30753.02,1,1060.56,3.57,89995.09,0.89,2073.48,6.98,207.16,0.7
159,多头进场,BUY,2022/6/4 14:30,29691.86,1,1060.56,3.57,89995.09,0.89,2073.48,6.98,207.16,0.7
158,空头出场,BUY,2022/6/4 14:30,29691.86,1,65.14,0.22,88934.53,0.05,474.93,1.6,132.2,0.44
158,空头进场,SELL,2022/6/3 20:30,29757.59,1,65.14,0.22,88934.53,0.05,474.93,1.6,132.2,0.44
157,多头出场,SELL,2022/6/3 20:30,29757.59,1,-503.7,-1.66,88869.4,-0.42,438.01,1.45,580.99,1.92
157,多头进场,BUY,2022/6/3 0:30,30260.69,1,-503.7,-1.66,88869.4,-0.42,438.01,1.45,580.99,1.92
156,空头出场,BUY,2022/6/3 0:30,30260.69,1,1810.65,5.65,89373.1,1.54,2770.64,8.64,2.9,0.01
156,空头进场,SELL,2022/6/1 2:30,32071.96,1,1810.65,5.65,89373.1,1.54,2770.64,8.64,2.9,0.01
155,多头出场,SELL,2022/6/1 2:30,32071.96,1,-27.45,-0.09,87562.45,-0.02,299.91,0.93,208.06,0.65
155,多头进场,BUY,2022/6/1 0:30,32098.77,1,-27.45,-0.09,87562.45,-0.02,299.91,0.93,208.06,0.65
154,空头出场,BUY,2022/6/1 0:30,32098.77,1,-392.55,-1.24,87589.91,-0.33,506.53,1.6,527.23,1.66
154,空头进场,SELL,2022/5/31 20:30,31706.86,1,-392.55,-1.24,87589.91,-0.33,506.53,1.6,527.23,1.66
153,多头出场,SELL,2022/5/31 20:30,31706.86,1,2849.98,9.88,87982.45,2.48,3365.44,11.66,89.88,0.31
153,多头进场,BUY,2022/5/28 12:30,28856.27,1,2849.98,9.88,87982.45,2.48,3365.44,11.66,89.88,0.31
152,空头出场,BUY,2022/5/28 12:30,28856.27,1,314.85,1.08,85132.47,0.27,888.51,3.05,8.55,0.03
152,空头进场,SELL,2022/5/27 22:30,29171.7,1,314.85,1.08,85132.47,0.27,888.51,3.05,8.55,0.03
151,多头出场,SELL,2022/5/27 22:30,29171.7,1,169,0.58,84817.62,0.15,395.25,1.36,52.78,0.18
151,多头进场,BUY,2022/5/27 20:30,29002.12,1,169,0.58,84817.62,0.15,395.25,1.36,52.78,0.18
150,空头出场,BUY,2022/5/27 20:30,29002.12,1,586.14,1.98,84648.62,0.51,944.66,3.19,28.9,0.1
150,空头进场,SELL,2022/5/27 6:30,29588.85,1,586.14,1.98,84648.62,0.51,944.66,3.19,28.9,0.1
149,多头出场,SELL,2022/5/27 6:30,29588.85,1,45.05,0.15,84062.48,0.04,139.33,0.47,113.47,0.38
149,多头进场,BUY,2022/5/27 4:30,29543.21,1,45.05,0.15,84062.48,0.04,139.33,0.47,113.47,0.38
148,空头出场,BUY,2022/5/27 4:30,29543.21,1,-350.02,-1.2,84017.43,-0.31,1173.93,4.02,594.2,2.04
148,空头进场,SELL,2022/5/26 16:30,29193.78,1,-350.02,-1.2,84017.43,-0.31,1173.93,4.02,594.2,2.04
147,多头出场,SELL,2022/5/26 16:30,29193.78,1,-156.98,-0.53,84367.45,-0.14,873.28,2.98,161.46,0.55
147,多头进场,BUY,2022/5/25 4:30,29350.17,1,-156.98,-0.53,84367.45,-0.14,873.28,2.98,161.46,0.55
146,空头出场,BUY,2022/5/25 4:30,29350.17,1,1074.82,3.53,84524.42,0.95,1756.29,5.77,29.8,0.1
146,空头进场,SELL,2022/5/24 0:30,30425.59,1,1074.82,3.53,84524.42,0.95,1756.29,5.77,29.8,0.1
145,多头出场,SELL,2022/5/24 0:30,30425.59,1,1146.99,3.92,83449.59,1.02,1392.22,4.76,23.18,0.08
145,多头进场,BUY,2022/5/21 22:30,29278,1,1146.99,3.92,83449.59,1.02,1392.22,4.76,23.18,0.08
144,空头出场,BUY,2022/5/21 22:30,29278,1,654.49,2.19,82302.6,0.59,1202.78,4.02,95.02,0.32
144,空头进场,SELL,2022/5/20 22:30,29933.08,1,654.49,2.19,82302.6,0.59,1202.78,4.02,95.02,0.32
143,多头出场,SELL,2022/5/20 22:30,29933.08,1,895.31,3.08,81648.12,0.81,1739.86,5.99,104.84,0.36
143,多头进场,BUY,2022/5/19 18:30,29037.18,1,895.31,3.08,81648.12,0.81,1739.86,5.99,104.84,0.36
142,空头出场,BUY,2022/5/19 18:30,29037.18,1,1600.73,5.22,80752.8,1.47,1983.73,6.47,71.79,0.23
142,空头进场,SELL,2022/5/18 8:30,30638.51,1,1600.73,5.22,80752.8,1.47,1983.73,6.47,71.79,0.23
141,多头出场,SELL,2022/5/18 8:30,30638.51,1,493.76,1.64,79152.07,0.45,524.56,1.74,64.44,0.21
141,多头进场,BUY,2022/5/18 4:30,30144.14,1,493.76,1.64,79152.07,0.45,524.56,1.74,64.44,0.21
140,空头出场,BUY,2022/5/18 4:30,30144.14,1,-538.79,-1.82,78658.31,-0.49,85.64,0.29,714.35,2.41
140,空头进场,SELL,2022/5/18 2:30,29605.95,1,-538.79,-1.82,78658.31,-0.49,85.64,0.29,714.35,2.41
139,多头出场,SELL,2022/5/18 2:30,29605.95,1,-314.69,-1.05,79197.09,-0.29,868.03,2.9,469.96,1.57
139,多头进场,BUY,2022/5/17 10:30,29920.04,1,-314.69,-1.05,79197.09,-0.29,868.03,2.9,469.96,1.57
138,空头出场,BUY,2022/5/17 10:30,29920.04,1,-439.17,-1.49,79511.78,-0.4,394.13,1.34,778.61,2.64
138,空头进场,SELL,2022/5/16 14:30,29481.46,1,-439.17,-1.49,79511.78,-0.4,394.13,1.34,778.61,2.64
137,多头出场,SELL,2022/5/16 14:30,29481.46,1,-59.13,-0.2,79950.95,-0.05,1919.7,6.5,240.3,0.81
137,多头进场,BUY,2022/5/15 4:30,29540,1,-59.13,-0.2,79950.95,-0.05,1919.7,6.5,240.3,0.81
136,空头出场,BUY,2022/5/15 4:30,29540,1,-72.43,-0.25,80010.09,-0.07,837.87,2.84,474.95,1.61
136,空头进场,SELL,2022/5/14 8:30,29468.16,1,-72.43,-0.25,80010.09,-0.07,837.87,2.84,474.95,1.61
135,多头出场,SELL,2022/5/14 8:30,29468.16,1,719.36,2.5,80082.52,0.66,2334.86,8.12,747.51,2.6
135,多头进场,BUY,2022/5/12 22:30,28748.22,1,719.36,2.5,80082.52,0.66,2334.86,8.12,747.51,2.6
134,空头出场,BUY,2022/5/12 22:30,28748.22,1,1430.98,4.74,79363.16,1.33,3479.49,11.53,86.61,0.29
134,空头进场,SELL,2022/5/12 2:30,30179.79,1,1430.98,4.74,79363.16,1.33,3479.49,11.53,86.61,0.29
133,多头出场,SELL,2022/5/12 2:30,30179.79,1,-2272.91,-7,77932.18,-2.06,206.6,0.64,3412.85,10.52
133,多头进场,BUY,2022/5/10 14:30,32452.07,1,-2272.91,-7,77932.18,-2.06,206.6,0.64,3412.85,10.52
132,空头出场,BUY,2022/5/10 14:30,32452.07,1,1111.63,3.31,80205.09,1.02,3833.62,11.42,274.4,0.82
132,空头进场,SELL,2022/5/9 10:30,33564.36,1,1111.63,3.31,80205.09,1.02,3833.62,11.42,274.4,0.82
131,多头出场,SELL,2022/5/9 10:30,33564.36,1,-657.87,-1.92,79093.45,-0.6,541.45,1.58,785.67,2.3
131,多头进场,BUY,2022/5/9 2:30,34221.55,1,-657.87,-1.92,79093.45,-0.6,541.45,1.58,785.67,2.3
130,空头出场,BUY,2022/5/9 2:30,34221.55,1,1117.51,3.16,79751.32,1.03,1625.46,4.6,38.95,0.11
130,空头进场,SELL,2022/5/8 8:30,35339.76,1,1117.51,3.16,79751.32,1.03,1625.46,4.6,38.95,0.11
129,多头出场,SELL,2022/5/8 8:30,35339.76,1,-585.89,-1.63,78633.8,-0.54,221,0.62,1140.3,3.17
129,多头进场,BUY,2022/5/7 6:30,35924.94,1,-585.89,-1.63,78633.8,-0.54,221,0.62,1140.3,3.17
128,空头出场,BUY,2022/5/7 6:30,35924.94,1,3586.35,9.08,79219.7,3.4,4253.65,10.77,34.02,0.09
128,空头进场,SELL,2022/5/5 20:30,39512.04,1,3586.35,9.08,79219.7,3.4,4253.65,10.77,34.02,0.09
127,多头出场,SELL,2022/5/5 20:30,39512.04,1,1247.19,3.26,75633.35,1.19,1759.32,4.6,0.38,0
127,多头进场,BUY,2022/5/4 14:30,38264.07,1,1247.19,3.26,75633.35,1.19,1759.32,4.6,0.38,0
126,空头出场,BUY,2022/5/4 14:30,38264.07,1,211.9,0.55,74386.16,0.2,958.56,2.49,175.15,0.46
126,空头进场,SELL,2022/5/3 8:30,38476.74,1,211.9,0.55,74386.16,0.2,958.56,2.49,175.15,0.46
125,多头出场,SELL,2022/5/3 8:30,38476.74,1,495.55,1.3,74174.26,0.48,1186.53,3.12,294.55,0.78
125,多头进场,BUY,2022/5/1 20:30,37980.43,1,495.55,1.3,74174.26,0.48,1186.53,3.12,294.55,0.78
124,空头出场,BUY,2022/5/1 20:30,37980.43,1,1494.2,3.79,73678.72,1.46,2088.63,5.29,166.29,0.42
124,空头进场,SELL,2022/4/29 12:30,39475.4,1,1494.2,3.79,73678.72,1.46,2088.63,5.29,166.29,0.42
123,多头出场,SELL,2022/4/29 12:30,39475.4,1,400.04,1.02,72184.52,0.39,1297.67,3.32,639.01,1.64
123,多头进场,BUY,2022/4/27 18:30,39074.57,1,400.04,1.02,72184.52,0.39,1297.67,3.32,639.01,1.64
122,空头出场,BUY,2022/4/27 18:30,39074.57,1,611.46,1.54,71784.48,0.6,1984.16,5,3.57,0.01
122,空头进场,SELL,2022/4/26 22:30,39686.82,1,611.46,1.54,71784.48,0.6,1984.16,5,3.57,0.01
121,多头出场,SELL,2022/4/26 22:30,39686.82,1,335.19,0.85,71173.02,0.33,1446.08,3.67,53.62,0.14
121,多头进场,BUY,2022/4/26 0:30,39350.84,1,335.19,0.85,71173.02,0.33,1446.08,3.67,53.62,0.14
120,空头出场,BUY,2022/4/26 0:30,39350.84,1,-341.8,-0.88,70837.82,-0.34,809.43,2.07,488.57,1.25
120,空头进场,SELL,2022/4/25 8:30,39009.82,1,-341.8,-0.88,70837.82,-0.34,809.43,2.07,488.57,1.25
119,多头出场,SELL,2022/4/25 8:30,39009.82,1,-560.08,-1.42,71179.63,-0.55,410.49,1.04,790.64,2
119,多头进场,BUY,2022/4/23 18:30,39569.11,1,-560.08,-1.42,71179.63,-0.55,410.49,1.04,790.64,2
118,空头出场,BUY,2022/4/23 18:30,39569.11,1,2324.61,5.55,71739.7,2.34,2717.11,6.49,150.3,0.36
118,空头进场,SELL,2022/4/22 0:30,41894.53,1,2324.61,5.55,71739.7,2.34,2717.11,6.49,150.3,0.36
117,多头出场,SELL,2022/4/22 0:30,41894.53,1,-300.25,-0.71,69415.09,-0.3,781.64,1.85,306.36,0.73
117,多头进场,BUY,2022/4/21 18:30,42193.94,1,-300.25,-0.71,69415.09,-0.3,781.64,1.85,306.36,0.73
116,空头出场,BUY,2022/4/21 18:30,42193.94,1,-582.49,-1.4,69715.35,-0.58,791.87,1.9,788.13,1.89
116,空头进场,SELL,2022/4/20 22:30,41612.29,1,-582.49,-1.4,69715.35,-0.58,791.87,1.9,788.13,1.89
115,多头出场,SELL,2022/4/20 22:30,41612.29,1,-211.25,-0.51,70297.84,-0.21,375.87,0.9,435.02,1.04
115,多头进场,BUY,2022/4/20 18:30,41822.71,1,-211.25,-0.51,70297.84,-0.21,375.87,0.9,435.02,1.04
114,空头出场,BUY,2022/4/20 18:30,41822.71,1,-400.86,-0.97,70509.09,-0.4,13.25,0.03,451.73,1.09
114,空头进场,SELL,2022/4/20 16:30,41422.68,1,-400.86,-0.97,70509.09,-0.4,13.25,0.03,451.73,1.09
113,多头出场,SELL,2022/4/20 16:30,41422.68,1,2224.79,5.68,70909.95,2.25,2562.53,6.54,25.47,0.06
113,多头进场,BUY,2022/4/19 0:30,39197.08,1,2224.79,5.68,70909.95,2.25,2562.53,6.54,25.47,0.06
112,空头出场,BUY,2022/4/19 0:30,39197.08,1,1233.05,3.05,68685.16,1.27,1894.02,4.68,28.99,0.07
112,空头进场,SELL,2022/4/18 0:30,40430.93,1,1233.05,3.05,68685.16,1.27,1894.02,4.68,28.99,0.07
111,多头出场,SELL,2022/4/18 0:30,40430.93,1,212.13,0.53,67452.1,0.22,481.16,1.2,96.34,0.24
111,多头进场,BUY,2022/4/17 4:30,40217.99,1,212.13,0.53,67452.1,0.22,481.16,1.2,96.34,0.24
110,空头出场,BUY,2022/4/17 4:30,40217.99,1,267.21,0.66,67239.97,0.28,494.06,1.22,91.96,0.23
110,空头进场,SELL,2022/4/16 22:30,40486.01,1,267.21,0.66,67239.97,0.28,494.06,1.22,91.96,0.23
109,多头出场,SELL,2022/4/16 22:30,40486.01,1,495.32,1.24,66972.76,0.51,880.07,2.2,11.19,0.03
109,多头进场,BUY,2022/4/15 22:30,39989.89,1,495.32,1.24,66972.76,0.51,880.07,2.2,11.19,0.03
108,空头出场,BUY,2022/4/15 22:30,39989.89,1,1035.7,2.52,66477.45,1.09,1474.05,3.59,274.01,0.67
108,空头进场,SELL,2022/4/14 20:30,41026.4,1,1035.7,2.52,66477.45,1.09,1474.05,3.59,274.01,0.67
107,多头出场,SELL,2022/4/14 20:30,41026.4,1,905.59,2.26,65441.74,0.96,1440.91,3.59,865.77,2.16
107,多头进场,BUY,2022/4/12 16:30,40120,1,905.59,2.26,65441.74,0.96,1440.91,3.59,865.77,2.16
106,空头出场,BUY,2022/4/12 16:30,40120,1,2139.54,5.06,64536.16,2.32,3059.94,7.24,154.77,0.37
106,空头进场,SELL,2022/4/11 8:30,42260.36,1,2139.54,5.06,64536.16,2.32,3059.94,7.24,154.77,0.37
105,多头出场,SELL,2022/4/11 8:30,42260.36,1,-112.11,-0.26,62396.62,-0.12,1038.26,2.45,617.04,1.46
105,多头进场,BUY,2022/4/9 18:30,42371.62,1,-112.11,-0.26,62396.62,-0.12,1038.26,2.45,617.04,1.46
104,空头出场,BUY,2022/4/9 18:30,42371.62,1,321,0.75,62508.73,0.35,585.9,1.37,627.72,1.47
104,空头进场,SELL,2022/4/9 2:30,42693.47,1,321,0.75,62508.73,0.35,585.9,1.37,627.72,1.47
103,多头出场,SELL,2022/4/9 2:30,42693.47,1,-707.4,-1.63,62187.73,-0.76,570.18,1.31,986.44,2.27
103,多头进场,BUY,2022/4/7 18:30,43400.01,1,-707.4,-1.63,62187.73,-0.76,570.18,1.31,986.44,2.27
102,空头出场,BUY,2022/4/7 18:30,43400.01,1,2533.09,5.51,62895.13,2.8,3206.18,6.98,257.47,0.56
102,空头进场,SELL,2022/4/5 22:30,45933.99,1,2533.09,5.51,62895.13,2.8,3206.18,6.98,257.47,0.56
101,多头出场,SELL,2022/4/5 22:30,45933.99,1,-472.43,-1.02,60362.04,-0.52,794.04,1.71,562.59,1.21
101,多头进场,BUY,2022/4/5 6:30,46405.5,1,-472.43,-1.02,60362.04,-0.52,794.04,1.71,562.59,1.21
100,空头出场,BUY,2022/4/5 6:30,46405.5,1,-425.2,-0.92,60834.47,-0.47,862.76,1.88,608.09,1.32
100,空头进场,SELL,2022/4/4 8:30,45981.22,1,-425.2,-0.92,60834.47,-0.47,862.76,1.88,608.09,1.32
99,多头出场,SELL,2022/4/4 8:30,45981.22,1,-352.88,-0.76,61259.68,-0.39,1110.47,2.4,588.87,1.27
99,多头进场,BUY,2022/4/3 16:30,46333.18,1,-352.88,-0.76,61259.68,-0.39,1110.47,2.4,588.87,1.27
98,空头出场,BUY,2022/4/3 16:30,46333.18,1,-46.36,-0.1,61612.56,-0.05,756.37,1.63,282.71,0.61
98,空头进场,SELL,2022/4/3 4:30,46287.75,1,-46.36,-0.1,61612.56,-0.05,756.37,1.63,282.71,0.61
97,多头出场,SELL,2022/4/3 4:30,46287.75,1,658.59,1.44,61658.92,0.72,1584.3,3.47,40.72,0.09
97,多头进场,BUY,2022/4/1 22:30,45628.24,1,658.59,1.44,61658.92,0.72,1584.3,3.47,40.72,0.09
96,空头出场,BUY,2022/4/1 22:30,45628.24,1,2079.33,4.36,61000.32,2.34,3508.02,7.35,388.45,0.81
96,空头进场,SELL,2022/3/29 6:30,47708.5,1,2079.33,4.36,61000.32,2.34,3508.02,7.35,388.45,0.81
95,多头出场,SELL,2022/3/29 6:30,47708.5,1,2868.46,6.4,58921,3.33,3350.28,7.47,161.44,0.36
95,多头进场,BUY,2022/3/28 0:30,44839.11,1,2868.46,6.4,58921,3.33,3350.28,7.47,161.44,0.36
94,空头出场,BUY,2022/3/28 0:30,44839.11,1,-449.4,-1.01,56052.54,-0.52,318.19,0.72,559.84,1.26
94,空头进场,SELL,2022/3/26 2:30,44390.6,1,-449.4,-1.01,56052.54,-0.52,318.19,0.72,559.84,1.26
93,多头出场,SELL,2022/3/26 2:30,44390.6,1,1952.12,4.6,56501.94,2.31,2656.11,6.26,39.05,0.09
93,多头进场,BUY,2022/3/24 6:30,42437.61,1,1952.12,4.6,56501.94,2.31,2656.11,6.26,39.05,0.09
92,空头出场,BUY,2022/3/24 6:30,42437.61,1,-32.68,-0.08,54549.82,-0.04,653.89,1.54,369.74,0.87
92,空头进场,SELL,2022/3/23 8:30,42405.78,1,-32.68,-0.08,54549.82,-0.04,653.89,1.54,369.74,0.87
91,多头出场,SELL,2022/3/23 8:30,42405.78,1,1454.87,3.55,54582.49,1.75,2410.51,5.89,74.98,0.18
91,多头进场,BUY,2022/3/22 8:30,40950.08,1,1454.87,3.55,54582.49,1.75,2410.51,5.89,74.98,0.18
90,空头出场,BUY,2022/3/22 8:30,40950.08,1,247.32,0.6,53127.63,0.3,278.88,0.68,37.01,0.09
90,空头进场,SELL,2022/3/22 6:30,41198.22,1,247.32,0.6,53127.63,0.3,278.88,0.68,37.01,0.09
89,多头出场,SELL,2022/3/22 6:30,41198.22,1,41.41,0.1,52880.31,0.05,213.6,0.52,95.79,0.23
89,多头进场,BUY,2022/3/22 4:30,41155.99,1,41.41,0.1,52880.31,0.05,213.6,0.52,95.79,0.23
88,空头出场,BUY,2022/3/22 4:30,41155.99,1,986.72,2.34,52838.9,1.21,1675.18,3.97,0.81,0
88,空头进场,SELL,2022/3/20 8:30,42143.54,1,986.72,2.34,52838.9,1.21,1675.18,3.97,0.81,0
87,多头出场,SELL,2022/3/20 8:30,42143.54,1,281.99,0.67,51852.18,0.35,538.87,1.29,145.7,0.35
87,多头进场,BUY,2022/3/20 2:30,41860.71,1,281.99,0.67,51852.18,0.35,538.87,1.29,145.7,0.35
86,空头出场,BUY,2022/3/20 2:30,41860.71,1,67.82,0.16,51570.2,0.08,126.93,0.3,234.55,0.56
86,空头进场,SELL,2022/3/20 0:30,41929.37,1,67.82,0.16,51570.2,0.08,126.93,0.3,234.55,0.56
85,多头出场,SELL,2022/3/20 0:30,41929.37,1,181.05,0.43,51502.38,0.22,337.72,0.81,0.42,0
85,多头进场,BUY,2022/3/19 22:30,41747.48,1,181.05,0.43,51502.38,0.22,337.72,0.81,0.42,0
84,空头出场,BUY,2022/3/19 22:30,41747.48,1,35.1,0.08,51321.32,0.04,130.1,0.31,149,0.36
84,空头进场,SELL,2022/3/19 20:30,41783.42,1,35.1,0.08,51321.32,0.04,130.1,0.31,149,0.36
83,多头出场,SELL,2022/3/19 20:30,41783.42,1,442.65,1.07,51286.22,0.55,984.67,2.38,191.25,0.46
83,多头进场,BUY,2022/3/19 0:30,41339.94,1,442.65,1.07,51286.22,0.55,984.67,2.38,191.25,0.46
82,空头出场,BUY,2022/3/19 0:30,41339.94,1,-502.77,-1.23,50843.57,-0.62,702.54,1.72,536.52,1.31
82,空头进场,SELL,2022/3/17 16:30,40837.99,1,-502.77,-1.23,50843.57,-0.62,702.54,1.72,536.52,1.31
81,多头出场,SELL,2022/3/17 16:30,40837.99,1,1806.65,4.63,51346.34,2.27,2687.07,6.88,202.45,0.52
81,多头进场,BUY,2022/3/15 22:30,39030.54,1,1806.65,4.63,51346.34,2.27,2687.07,6.88,202.45,0.52
80,空头出场,BUY,2022/3/15 22:30,39030.54,1,-225.27,-0.58,49539.69,-0.28,707.33,1.82,260.34,0.67
80,空头进场,SELL,2022/3/15 14:30,38806.05,1,-225.27,-0.58,49539.69,-0.28,707.33,1.82,260.34,0.67
79,多头出场,SELL,2022/3/15 14:30,38806.05,1,170.57,0.44,49764.96,0.21,1312.02,3.4,219.7,0.57
79,多头进场,BUY,2022/3/14 14:30,38634.71,1,170.57,0.44,49764.96,0.21,1312.02,3.4,219.7,0.57
78,空头出场,BUY,2022/3/14 14:30,38634.71,1,78.19,0.2,49594.39,0.1,1158.28,2.99,207.72,0.54
78,空头进场,SELL,2022/3/14 4:30,38713.67,1,78.19,0.2,49594.39,0.1,1158.28,2.99,207.72,0.54
77,多头出场,SELL,2022/3/14 4:30,38713.67,1,-226.66,-0.58,49516.2,-0.28,127.06,0.33,384.94,0.99
77,多头进场,BUY,2022/3/14 0:30,38939.55,1,-226.66,-0.58,49516.2,-0.28,127.06,0.33,384.94,0.99
76,空头出场,BUY,2022/3/14 0:30,38939.55,1,-459.76,-1.19,49742.86,-0.57,67.05,0.17,594.75,1.55
76,空头进场,SELL,2022/3/13 20:30,38480.56,1,-459.76,-1.19,49742.86,-0.57,67.05,0.17,594.75,1.55
75,多头出场,SELL,2022/3/13 20:30,38480.56,1,-564.22,-1.45,50202.63,-0.7,442.32,1.13,674.39,1.73
75,多头进场,BUY,2022/3/12 8:30,39044,1,-564.22,-1.45,50202.63,-0.7,442.32,1.13,674.39,1.73
74,空头出场,BUY,2022/3/12 8:30,39044,1,-164.53,-0.42,50766.84,-0.2,219.34,0.56,297.62,0.77
74,空头进场,SELL,2022/3/12 6:30,38880.25,1,-164.53,-0.42,50766.84,-0.2,219.34,0.56,297.62,0.77
73,多头出场,SELL,2022/3/12 6:30,38880.25,1,183.46,0.47,50931.37,0.23,303.33,0.78,387.57,1
73,多头进场,BUY,2022/3/12 4:30,38696.01,1,183.46,0.47,50931.37,0.23,303.33,0.78,387.57,1
72,空头出场,BUY,2022/3/12 4:30,38696.01,1,151.54,0.39,50747.91,0.19,347.94,0.9,120.64,0.31
72,空头进场,SELL,2022/3/12 2:30,38848.33,1,151.54,0.39,50747.91,0.19,347.94,0.9,120.64,0.31
71,多头出场,SELL,2022/3/12 2:30,38848.33,1,-258.06,-0.66,50596.36,-0.32,1130.26,2.89,529,1.35
71,多头进场,BUY,2022/3/11 18:30,39105.61,1,-258.06,-0.66,50596.36,-0.32,1130.26,2.89,529,1.35
70,空头出场,BUY,2022/3/11 18:30,39105.61,1,2824.88,6.74,50854.42,3.62,3707.28,8.84,23.55,0.06
70,空头进场,SELL,2022/3/10 8:30,41931.3,1,2824.88,6.74,50854.42,3.62,3707.28,8.84,23.55,0.06
69,多头出场,SELL,2022/3/10 8:30,41931.3,1,3768.14,9.87,48029.54,5.07,4431.32,11.61,1007.74,2.64
69,多头进场,BUY,2022/3/7 18:30,38162.36,1,3768.14,9.87,48029.54,5.07,4431.32,11.61,1007.74,2.64
68,空头出场,BUY,2022/3/7 18:30,38162.36,1,-135.63,-0.36,44261.4,-0.18,449.08,1.18,367.1,0.97
68,空头进场,SELL,2022/3/7 10:30,38027.49,1,-135.63,-0.36,44261.4,-0.18,449.08,1.18,367.1,0.97
67,多头出场,SELL,2022/3/7 10:30,38027.49,1,-1023.69,-2.62,44397.03,-1.36,643.07,1.65,1162.8,2.98
67,多头进场,BUY,2022/3/5 22:30,39050.41,1,-1023.69,-2.62,44397.03,-1.36,643.07,1.65,1162.8,2.98
66,空头出场,BUY,2022/3/5 22:30,39050.41,1,5182.46,11.72,45420.72,7.38,5825.67,13.17,1166.74,2.64
66,空头进场,SELL,2022/3/2 8:30,44233.7,1,5182.46,11.72,45420.72,7.38,5825.67,13.17,1166.74,2.64
65,多头出场,SELL,2022/3/2 8:30,44233.7,1,5239.9,13.44,40238.27,8.06,5955.64,15.27,13.25,0.03
65,多头进场,BUY,2022/2/28 22:30,38992.97,1,5239.9,13.44,40238.27,8.06,5955.64,15.27,13.25,0.03
64,空头出场,BUY,2022/2/28 22:30,38992.97,1,149.39,0.38,34998.37,0.23,2142.75,5.47,712.95,1.82
64,空头进场,SELL,2022/2/26 14:30,39143.14,1,149.39,0.38,34998.37,0.23,2142.75,5.47,712.95,1.82
63,多头出场,SELL,2022/2/26 14:30,39143.14,1,3334.98,9.31,34848.98,5.42,4540.68,12.68,4.63,0.01
63,多头进场,BUY,2022/2/25 2:30,35807.41,1,3334.98,9.31,34848.98,5.42,4540.68,12.68,4.63,0.01
62,空头出场,BUY,2022/2/25 2:30,35807.41,1,1874.87,4.98,31514,3.14,3360.35,8.92,113.73,0.3
62,空头进场,SELL,2022/2/24 4:30,37683.01,1,1874.87,4.98,31514,3.14,3360.35,8.92,113.73,0.3
61,多头出场,SELL,2022/2/24 4:30,37683.01,1,221.7,0.59,29639.14,0.37,1789,4.78,186.55,0.5
61,多头进场,BUY,2022/2/22 18:30,37460.56,1,221.7,0.59,29639.14,0.37,1789,4.78,186.55,0.5
60,空头出场,BUY,2022/2/22 18:30,37460.56,1,649.88,1.71,29417.44,1.11,1760.82,4.62,337.45,0.89
60,空头进场,SELL,2022/2/22 4:30,38111.2,1,649.88,1.71,29417.44,1.11,1760.82,4.62,337.45,0.89
59,多头出场,SELL,2022/2/22 4:30,38111.2,1,-486.07,-1.26,28767.55,-0.82,686.18,1.78,1096.89,2.84
59,多头进场,BUY,2022/2/21 22:30,38596.5,1,-486.07,-1.26,28767.55,-0.82,686.18,1.78,1096.89,2.84
58,空头出场,BUY,2022/2/21 22:30,38596.5,1,-965.84,-2.57,29253.62,-1.6,417.41,1.11,1240.96,3.3
58,空头进场,SELL,2022/2/21 20:30,37631.42,1,-965.84,-2.57,29253.62,-1.6,417.41,1.11,1240.96,3.3
57,多头出场,SELL,2022/2/21 20:30,37631.42,1,-684.79,-1.79,30219.46,-1.12,1178.52,3.08,967.34,2.52
57,多头进场,BUY,2022/2/21 8:30,38315.45,1,-684.79,-1.79,30219.46,-1.12,1178.52,3.08,967.34,2.52
56,空头出场,BUY,2022/2/21 8:30,38315.45,1,673.78,1.73,30904.25,1.12,989.61,2.54,66.7,0.17
56,空头进场,SELL,2022/2/20 14:30,38990,1,673.78,1.73,30904.25,1.12,989.61,2.54,66.7,0.17
55,多头出场,SELL,2022/2/20 14:30,38990,1,-859.01,-2.16,30230.47,-1.41,595.7,1.49,984.6,2.47
55,多头进场,BUY,2022/2/19 6:30,39848.22,1,-859.01,-2.16,30230.47,-1.41,595.7,1.49,984.6,2.47
54,空头出场,BUY,2022/2/19 6:30,39848.22,1,4117.21,9.36,31089.48,7.23,4515.83,10.27,410.75,0.93
54,空头进场,SELL,2022/2/16 10:30,43966.27,1,4117.21,9.36,31089.48,7.23,4515.83,10.27,410.75,0.93
53,多头出场,SELL,2022/2/16 10:30,43966.27,1,2096.42,5.01,26972.27,3.82,2881.99,6.88,66.24,0.16
53,多头进场,BUY,2022/2/14 14:30,41868.99,1,2096.42,5.01,26972.27,3.82,2881.99,6.88,66.24,0.16
52,空头出场,BUY,2022/2/14 14:30,41868.99,1,159.6,0.38,24875.85,0.29,478.45,1.14,122.99,0.29
52,空头进场,SELL,2022/2/14 8:30,42029.43,1,159.6,0.38,24875.85,0.29,478.45,1.14,122.99,0.29
51,多头出场,SELL,2022/2/14 8:30,42029.43,1,-333.74,-0.79,24716.25,-0.61,716.74,1.69,662.75,1.56
51,多头进场,BUY,2022/2/13 0:30,42362.33,1,-333.74,-0.79,24716.25,-0.61,716.74,1.69,662.75,1.56
50,空头出场,BUY,2022/2/13 0:30,42362.33,1,1822.87,4.13,25049.99,3.42,2496.75,5.65,49.49,0.11
50,空头进场,SELL,2022/2/11 4:30,44186.07,1,1822.87,4.13,25049.99,3.42,2496.75,5.65,49.49,0.11
49,多头出场,SELL,2022/2/11 4:30,44186.07,1,662.19,1.52,23227.12,1.26,2297.56,5.28,9.35,0.02
49,多头进场,BUY,2022/2/10 22:30,43523,1,662.19,1.52,23227.12,1.26,2297.56,5.28,9.35,0.02
48,空头出场,BUY,2022/2/10 22:30,43523,1,1215.68,2.72,22564.92,2.37,1565.1,3.5,320.89,0.72
48,空头进场,SELL,2022/2/10 20:30,44739.56,1,1215.68,2.72,22564.92,2.37,1565.1,3.5,320.89,0.72
47,多头出场,SELL,2022/2/10 20:30,44739.56,1,84.18,0.19,21349.25,0.16,523.02,1.17,134.85,0.3
47,多头进场,BUY,2022/2/10 18:30,44654.49,1,84.18,0.19,21349.25,0.16,523.02,1.17,134.85,0.3
46,空头出场,BUY,2022/2/10 18:30,44654.49,1,-346.38,-0.78,21265.07,-0.67,766.42,1.73,418.75,0.95
46,空头进场,SELL,2022/2/10 10:30,44309,1,-346.38,-0.78,21265.07,-0.67,766.42,1.73,418.75,0.95
45,多头出场,SELL,2022/2/10 10:30,44309,1,331.12,0.75,21611.45,0.65,821.56,1.87,36.74,0.08
45,多头进场,BUY,2022/2/10 2:30,43977,1,331.12,0.75,21611.45,0.65,821.56,1.87,36.74,0.08
44,空头出场,BUY,2022/2/10 2:30,43977,1,216.05,0.49,21280.33,0.42,1527.49,3.46,277.91,0.63
44,空头进场,SELL,2022/2/8 16:30,44193.93,1,216.05,0.49,21280.33,0.42,1527.49,3.46,277.91,0.63
43,多头出场,SELL,2022/2/8 16:30,44193.93,1,1263.03,2.94,21064.29,2.54,2561.54,5.97,130.46,0.3
43,多头进场,BUY,2022/2/7 22:30,42930.03,1,1263.03,2.94,21064.29,2.54,2561.54,5.97,130.46,0.3
42,空头出场,BUY,2022/2/7 22:30,42930.03,1,-351.82,-0.83,19801.26,-0.7,344.55,0.81,386.72,0.91
42,空头进场,SELL,2022/2/7 16:30,42579.07,1,-351.82,-0.83,19801.26,-0.7,344.55,0.81,386.72,0.91
41,多头出场,SELL,2022/2/7 16:30,42579.07,1,-235.88,-0.55,20153.07,-0.47,185.47,0.43,292.45,0.68
41,多头进场,BUY,2022/2/7 12:30,42814.1,1,-235.88,-0.55,20153.07,-0.47,185.47,0.43,292.45,0.68
40,空头出场,BUY,2022/2/7 12:30,42814.1,1,-1140.17,-2.74,20388.96,-2.21,557.79,1.34,1269.85,3.05
40,空头进场,SELL,2022/2/6 2:30,41674.77,1,-1140.17,-2.74,20388.96,-2.21,557.79,1.34,1269.85,3.05
39,多头出场,SELL,2022/2/6 2:30,41674.77,1,5124.62,14.02,21529.13,11.04,5363.95,14.68,279.74,0.77
39,多头进场,BUY,2022/2/4 4:30,36549.37,1,5124.62,14.02,21529.13,11.04,5363.95,14.68,279.74,0.77
38,空头出场,BUY,2022/2/4 4:30,36549.37,1,2204.02,5.69,16404.51,4.99,2503.75,6.46,19.66,0.05
38,空头进场,SELL,2022/2/2 8:30,38754.14,1,2204.02,5.69,16404.51,4.99,2503.75,6.46,19.66,0.05
37,多头出场,SELL,2022/2/2 8:30,38754.14,1,925.87,2.45,14200.5,2.14,1437.32,3.8,25.88,0.07
37,多头进场,BUY,2022/2/1 0:30,37827.5,1,925.87,2.45,14200.5,2.14,1437.32,3.8,25.88,0.07
36,空头出场,BUY,2022/2/1 0:30,37827.5,1,286.87,0.75,13274.62,0.67,1482.14,3.89,144.39,0.38
36,空头进场,SELL,2022/1/30 16:30,38115.13,1,286.87,0.75,13274.62,0.67,1482.14,3.89,144.39,0.38
35,多头出场,SELL,2022/1/30 16:30,38115.13,1,-13.47,-0.04,12987.75,-0.03,231.04,0.61,89.27,0.23
35,多头进场,BUY,2022/1/30 14:30,38127.84,1,-13.47,-0.04,12987.75,-0.03,231.04,0.61,89.27,0.23
34,空头出场,BUY,2022/1/30 14:30,38127.84,1,-114.11,-0.3,13001.22,-0.26,132.56,0.35,285.89,0.75
34,空头进场,SELL,2022/1/30 10:30,38014.49,1,-114.11,-0.3,13001.22,-0.26,132.56,0.35,285.89,0.75
33,多头出场,SELL,2022/1/30 10:30,38014.49,1,1682.32,4.63,13115.33,4.06,2388.95,6.58,176.78,0.49
33,多头进场,BUY,2022/1/28 20:30,36331.43,1,1682.32,4.63,13115.33,4.06,2388.95,6.58,176.78,0.49
32,空头出场,BUY,2022/1/28 20:30,36331.43,1,243.36,0.67,11433.02,0.59,361.29,0.99,103.04,0.28
32,空头进场,SELL,2022/1/28 18:30,36575.52,1,243.36,0.67,11433.02,0.59,361.29,0.99,103.04,0.28
31,多头出场,SELL,2022/1/28 18:30,36575.52,1,-632.42,-1.7,11189.66,-1.51,292.43,0.79,882.24,2.37
31,多头进场,BUY,2022/1/28 8:30,37207.2,1,-632.42,-1.7,11189.66,-1.51,292.43,0.79,882.24,2.37
30,空头出场,BUY,2022/1/28 8:30,37207.2,1,-13.36,-0.04,11822.07,-0.03,1687.2,4.54,273.77,0.74
30,空头进场,SELL,2022/1/27 4:30,37194.58,1,-13.36,-0.04,11822.07,-0.03,1687.2,4.54,273.77,0.74
29,多头出场,SELL,2022/1/27 4:30,37194.58,1,2748.66,7.98,11835.44,7.03,4474.44,12.99,642.41,1.87
29,多头进场,BUY,2022/1/25 0:30,34445.2,1,2748.66,7.98,11835.44,7.03,4474.44,12.99,642.41,1.87
28,空头出场,BUY,2022/1/25 0:30,34445.2,1,-911.51,-2.72,9086.77,-2.28,616.86,1.84,964.75,2.88
28,空头进场,SELL,2022/1/24 18:30,33534.37,1,-911.51,-2.72,9086.77,-2.28,616.86,1.84,964.75,2.88
27,多头出场,SELL,2022/1/24 18:30,33534.37,1,-1397.33,-4,9998.28,-3.38,1567.63,4.49,1431.37,4.1
27,多头进场,BUY,2022/1/23 4:30,34931.02,1,-1397.33,-4,9998.28,-3.38,1567.63,4.49,1431.37,4.1
26,空头出场,BUY,2022/1/23 4:30,34931.02,1,6534.14,15.76,11395.62,18.74,7457.51,17.98,4.5,0.01
26,空头进场,SELL,2022/1/21 6:30,41465.92,1,6534.14,15.76,11395.62,18.74,7457.51,17.98,4.5,0.01
25,多头出场,SELL,2022/1/21 6:30,41465.92,1,-33.34,-0.08,4861.48,-0.1,2006.16,4.83,539.23,1.3
25,多头进场,BUY,2022/1/19 18:30,41498.43,1,-33.34,-0.08,4861.48,-0.1,2006.16,4.83,539.23,1.3
24,空头出场,BUY,2022/1/19 18:30,41498.43,1,236.08,0.57,4894.82,0.68,596.36,1.43,92.7,0.22
24,空头进场,SELL,2022/1/19 14:30,41735.34,1,236.08,0.57,4894.82,0.68,596.36,1.43,92.7,0.22
23,多头出场,SELL,2022/1/19 14:30,41735.34,1,106.47,0.26,4658.75,0.31,1062.54,2.55,127.47,0.31
23,多头进场,BUY,2022/1/19 4:30,41628.04,1,106.47,0.26,4658.75,0.31,1062.54,2.55,127.47,0.31
22,空头出场,BUY,2022/1/19 4:30,41628.04,1,1380.45,3.21,4552.28,4.16,1758.91,4.09,466.09,1.08
22,空头进场,SELL,2022/1/16 10:30,43009.34,1,1380.45,3.21,4552.28,4.16,1758.91,4.09,466.09,1.08
21,多头出场,SELL,2022/1/16 10:30,43009.34,1,146.34,0.34,3171.83,0.44,937.43,2.19,307.57,0.72
21,多头进场,BUY,2022/1/15 2:30,42862.14,1,146.34,0.34,3171.83,0.44,937.43,2.19,307.57,0.72
20,空头出场,BUY,2022/1/15 2:30,42862.14,1,798.48,1.83,3025.48,2.48,1935.1,4.43,838.95,1.92
20,空头进场,SELL,2022/1/13 12:30,43661.49,1,798.48,1.83,3025.48,2.48,1935.1,4.43,838.95,1.92
19,多头出场,SELL,2022/1/13 12:30,43661.49,1,1946.45,4.67,2227,6.43,2607.39,6.25,445.68,1.07
19,多头进场,BUY,2022/1/11 6:30,41714.19,1,1946.45,4.67,2227,6.43,2607.39,6.25,445.68,1.07
18,空头出场,BUY,2022/1/11 6:30,41714.19,1,163.6,0.39,280.55,0.54,2228.21,5.32,243.42,0.58
18,空头进场,SELL,2022/1/10 18:30,41878.63,1,163.6,0.39,280.55,0.54,2228.21,5.32,243.42,0.58
17,多头出场,SELL,2022/1/10 18:30,41878.63,1,874.16,2.13,116.95,2.99,1782.65,4.35,104.05,0.25
17,多头进场,BUY,2022/1/9 4:30,41003.64,1,874.16,2.13,116.95,2.99,1782.65,4.35,104.05,0.25
16,空头出场,BUY,2022/1/9 4:30,41003.64,1,106.41,0.26,-757.21,0.37,590.46,1.44,119.13,0.29
16,空头进场,SELL,2022/1/9 2:30,41110.87,1,106.41,0.26,-757.21,0.37,590.46,1.44,119.13,0.29
15,多头出场,SELL,2022/1/9 2:30,41110.87,1,-586.3,-1.41,-863.62,-1.97,619.09,1.48,1195.76,2.87
15,多头进场,BUY,2022/1/8 0:30,41696.34,1,-586.3,-1.41,-863.62,-1.97,619.09,1.48,1195.76,2.87
14,空头出场,BUY,2022/1/8 0:30,41696.34,1,160.81,0.38,-277.32,0.54,1247.57,2.98,275.41,0.66
14,空头进场,SELL,2022/1/7 22:30,41857.99,1,160.81,0.38,-277.32,0.54,1247.57,2.98,275.41,0.66
13,多头出场,SELL,2022/1/7 22:30,41857.99,1,-420.87,-1,-438.14,-1.4,487.73,1.15,1078.44,2.55
13,多头进场,BUY,2022/1/7 16:30,42278.02,1,-420.87,-1,-438.14,-1.4,487.73,1.15,1078.44,2.55
12,空头出场,BUY,2022/1/7 16:30,42278.02,1,-826.62,-1.99,-17.27,-2.68,451.83,1.09,1431.64,3.45
12,空头进场,SELL,2022/1/7 12:30,41452.24,1,-826.62,-1.99,-17.27,-2.68,451.83,1.09,1431.64,3.45
11,多头出场,SELL,2022/1/7 12:30,41452.24,1,-1606.95,-3.73,809.35,-4.96,522.53,1.21,1852.82,4.3
11,多头进场,BUY,2022/1/7 2:30,43058.34,1,-1606.95,-3.73,809.35,-4.96,522.53,1.21,1852.82,4.3
10,空头出场,BUY,2022/1/7 2:30,43058.34,1,2800.37,6.11,2416.3,9.46,3428.56,7.48,506.54,1.1
10,空头进场,SELL,2022/1/6 2:30,45859.6,1,2800.37,6.11,2416.3,9.46,3428.56,7.48,506.54,1.1
9,多头出场,SELL,2022/1/6 2:30,45859.6,1,-631.71,-1.36,-384.07,-2.09,579.15,1.25,940.85,2.02
9,多头进场,BUY,2022/1/5 12:30,46490.39,1,-631.71,-1.36,-384.07,-2.09,579.15,1.25,940.85,2.02
8,空头出场,BUY,2022/1/5 12:30,46490.39,1,-88.12,-0.19,247.64,-0.29,680.53,1.47,146.26,0.32
8,空头进场,SELL,2022/1/5 4:30,46403.2,1,-88.12,-0.19,247.64,-0.29,680.53,1.47,146.26,0.32
7,多头出场,SELL,2022/1/5 4:30,46403.2,1,-114.73,-0.25,335.76,-0.38,1040.07,2.24,1017.47,2.19
7,多头进场,BUY,2022/1/4 18:30,46517,1,-114.73,-0.25,335.76,-0.38,1040.07,2.24,1017.47,2.19
6,空头出场,BUY,2022/1/4 18:30,46517,1,565.78,1.2,450.49,1.89,1387.25,2.95,202.14,0.43
6,空头进场,SELL,2022/1/3 22:30,47083.72,1,565.78,1.2,450.49,1.89,1387.25,2.95,202.14,0.43
5,多头出场,SELL,2022/1/3 22:30,47083.72,1,1.79,0,-115.3,0.01,488.54,1.04,141.46,0.3
5,多头进场,BUY,2022/1/3 18:30,47080.99,1,1.79,0,-115.3,0.01,488.54,1.04,141.46,0.3
4,空头出场,BUY,2022/1/3 18:30,47080.99,1,-132.91,-0.28,-117.09,-0.44,294.55,0.63,520.79,1.11
4,空头进场,SELL,2022/1/3 2:30,46949.02,1,-132.91,-0.28,-117.09,-0.44,294.55,0.63,520.79,1.11
3,多头出场,SELL,2022/1/3 2:30,46949.02,1,-108.16,-0.23,15.82,-0.36,933.29,1.98,200.43,0.43
3,多头进场,BUY,2022/1/2 22:30,47056.24,1,-108.16,-0.23,15.82,-0.36,933.29,1.98,200.43,0.43
2,空头出场,BUY,2022/1/2 22:30,47056.24,1,99.06,0.21,123.99,0.33,135.77,0.29,291.23,0.62
2,空头进场,SELL,2022/1/2 20:30,47156.24,1,99.06,0.21,123.99,0.33,135.77,0.29,291.23,0.62
1,多头出场,SELL,2022/1/2 20:30,47156.24,1,24.93,0.05,24.93,0.08,823.79,1.75,415.45,0.88
1,多头进场,BUY,2022/1/1 14:30,47130.37,1,24.93,0.05,24.93,0.08,823.79,1.75,415.45,0.88
